fiscal_year,base_year,state,constant_prices,current_prices,unit
2024-25,2011-12,Andaman and Nicobar Islands,,,"constant_prices, current_prices in rupees lakh"
2024-25,2011-12,Andhra Pradesh,78199106.00,146991398.00,"constant_prices, current_prices in rupees lakh"
2024-25,2011-12,Arunachal Pradesh,,4103195.00,"constant_prices, current_prices in rupees lakh"
2024-25,2011-12,Assam,32321829.00,58800142.00,"constant_prices, current_prices in rupees lakh"
2024-25,2011-12,Bihar,51323272.00,96202133.00,"constant_prices, current_prices in rupees lakh"
2024-25,2011-12,Chandigarh,,,"constant_prices, current_prices in rupees lakh"
2024-25,2011-12,Chhattisgarh,30725381.00,53325523.00,"constant_prices, current_prices in rupees lakh"
2024-25,2011-12,Delhi,62242577.00,108075513.00,"constant_prices, current_prices in rupees lakh"
2024-25,2011-12,Goa,,,"constant_prices, current_prices in rupees lakh"
2024-25,2011-12,Gujarat,,,"constant_prices, current_prices in rupees lakh"
2024-25,2011-12,Haryana,60409105.00,106652512.00,"constant_prices, current_prices in rupees lakh"
2024-25,2011-12,Himachal Pradesh,13724746.00,21339469.00,"constant_prices, current_prices in rupees lakh"
2024-25,2011-12,Jammu and Kashmir,12855280.00,23880460.00,"constant_prices, current_prices in rupees lakh"
2024-25,2011-12,Jharkhand,27778214.00,47169408.00,"constant_prices, current_prices in rupees lakh"
2024-25,2011-12,Karnataka,141496007.00,262875954.00,"constant_prices, current_prices in rupees lakh"
2024-25,2011-12,Kerala,60566541.00,111595026.00,"constant_prices, current_prices in rupees lakh"
2024-25,2011-12,Ladakh,,,"constant_prices, current_prices in rupees lakh"
2024-25,2011-12,Madhya Pradesh,66284519.00,143521058.00,"constant_prices, current_prices in rupees lakh"
2024-25,2011-12,Maharashtra,230759533.00,393106807.00,"constant_prices, current_prices in rupees lakh"
2024-25,2011-12,Manipur,,,"constant_prices, current_prices in rupees lakh"
2024-25,2011-12,Meghalaya,2970025.00,5373034.00,"constant_prices, current_prices in rupees lakh"
2024-25,2011-12,Mizoram,,,"constant_prices, current_prices in rupees lakh"
2024-25,2011-12,Nagaland,,,"constant_prices, current_prices in rupees lakh"
2024-25,2011-12,Odisha,46719497.00,78707435.00,"constant_prices, current_prices in rupees lakh"
2024-25,2011-12,Puducherry,2606352.00,4637476.00,"constant_prices, current_prices in rupees lakh"
2024-25,2011-12,Punjab,47479995.00,76332587.00,"constant_prices, current_prices in rupees lakh"
2024-25,2011-12,Rajasthan,82198678.00,157044651.00,"constant_prices, current_prices in rupees lakh"
2024-25,2011-12,Sikkim,,,"constant_prices, current_prices in rupees lakh"
2024-25,2011-12,Tamil Nadu,154155130.00,289269159.00,"constant_prices, current_prices in rupees lakh"
2024-25,2011-12,Telangana,75539162.00,151743182.00,"constant_prices, current_prices in rupees lakh"
2024-25,2011-12,Tripura,4772684.00,8567833.00,"constant_prices, current_prices in rupees lakh"
2024-25,2011-12,Uttar Pradesh,150827237.00,274455105.00,"constant_prices, current_prices in rupees lakh"
2024-25,2011-12,Uttarakhand,20274176.00,34512947.00,"constant_prices, current_prices in rupees lakh"
2024-25,2011-12,West Bengal,93134253.00,171902427.00,"constant_prices, current_prices in rupees lakh"
2023-24,2011-12,Andaman and Nicobar Islands,750646.00,1154608.00,"constant_prices, current_prices in rupees lakh"
2023-24,2011-12,Andhra Pradesh,72170399.00,131558890.00,"constant_prices, current_prices in rupees lakh"
2023-24,2011-12,Arunachal Pradesh,1876834.00,3622505.00,"constant_prices, current_prices in rupees lakh"
2023-24,2011-12,Assam,29808579.00,52070489.00,"constant_prices, current_prices in rupees lakh"
2023-24,2011-12,Bihar,47278565.00,85087853.00,"constant_prices, current_prices in rupees lakh"
2023-24,2011-12,Chandigarh,3541494.00,5834066.00,"constant_prices, current_prices in rupees lakh"
2023-24,2011-12,Chhattisgarh,28656137.00,48159927.00,"constant_prices, current_prices in rupees lakh"
2023-24,2011-12,Delhi,58539989.00,98827846.00,"constant_prices, current_prices in rupees lakh"
2023-24,2011-12,Goa,5770189.00,9728886.00,"constant_prices, current_prices in rupees lakh"
2023-24,2011-12,Gujarat,,,"constant_prices, current_prices in rupees lakh"
2023-24,2011-12,Haryana,56152848.00,95993406.00,"constant_prices, current_prices in rupees lakh"
2023-24,2011-12,Himachal Pradesh,12993690.00,19666467.00,"constant_prices, current_prices in rupees lakh"
2023-24,2011-12,Jammu and Kashmir,12115793.00,21682635.00,"constant_prices, current_prices in rupees lakh"
2023-24,2011-12,Jharkhand,25879768.00,42540576.00,"constant_prices, current_prices in rupees lakh"
2023-24,2011-12,Karnataka,131410621.00,234748757.00,"constant_prices, current_prices in rupees lakh"
2023-24,2011-12,Kerala,56820665.00,101379261.00,"constant_prices, current_prices in rupees lakh"
2023-24,2011-12,Ladakh,,699026.00,"constant_prices, current_prices in rupees lakh"
2023-24,2011-12,Madhya Pradesh,62364975.00,128718463.00,"constant_prices, current_prices in rupees lakh"
2023-24,2011-12,Maharashtra,215641018.00,354297719.00,"constant_prices, current_prices in rupees lakh"
2023-24,2011-12,Manipur,2205306.00,4210206.00,"constant_prices, current_prices in rupees lakh"
2023-24,2011-12,Meghalaya,2720928.00,4832835.00,"constant_prices, current_prices in rupees lakh"
2023-24,2011-12,Mizoram,2027155.00,3188431.00,"constant_prices, current_prices in rupees lakh"
2023-24,2011-12,Nagaland,1943390.00,3785682.00,"constant_prices, current_prices in rupees lakh"
2023-24,2011-12,Odisha,43878584.00,71057352.00,"constant_prices, current_prices in rupees lakh"
2023-24,2011-12,Puducherry,2425233.00,4191299.00,"constant_prices, current_prices in rupees lakh"
2023-24,2011-12,Punjab,44888917.00,70376504.00,"constant_prices, current_prices in rupees lakh"
2023-24,2011-12,Rajasthan,77331512.00,141697283.00,"constant_prices, current_prices in rupees lakh"
2023-24,2011-12,Sikkim,2383310.00,4646289.00,"constant_prices, current_prices in rupees lakh"
2023-24,2011-12,Tamil Nadu,138643345.00,247274869.00,"constant_prices, current_prices in rupees lakh"
2023-24,2011-12,Telangana,69809385.00,134889433.00,"constant_prices, current_prices in rupees lakh"
2023-24,2011-12,Tripura,4389040.00,7576529.00,"constant_prices, current_prices in rupees lakh"
2023-24,2011-12,Uttar Pradesh,138283262.00,241246439.00,"constant_prices, current_prices in rupees lakh"
2023-24,2011-12,Uttarakhand,19026042.00,30693924.00,"constant_prices, current_prices in rupees lakh"
2023-24,2011-12,West Bengal,87073511.00,156035770.00,"constant_prices, current_prices in rupees lakh"
2022-23,2011-12,Andaman and Nicobar Islands,718496.00,1105445.00,"constant_prices, current_prices in rupees lakh"
2022-23,2011-12,Andhra Pradesh,68876942.00,122717813.00,"constant_prices, current_prices in rupees lakh"
2022-23,2011-12,Arunachal Pradesh,1766902.00,3274405.00,"constant_prices, current_prices in rupees lakh"
2022-23,2011-12,Assam,26714263.00,44673721.00,"constant_prices, current_prices in rupees lakh"
2022-23,2011-12,Bihar,43286235.00,75681254.00,"constant_prices, current_prices in rupees lakh"
2022-23,2011-12,Chandigarh,3209098.00,5172853.00,"constant_prices, current_prices in rupees lakh"
2022-23,2011-12,Chhattisgarh,26929485.00,43369508.00,"constant_prices, current_prices in rupees lakh"
2022-23,2011-12,Delhi,53719119.00,88523337.00,"constant_prices, current_prices in rupees lakh"
2022-23,2011-12,Goa,5404553.00,8567864.00,"constant_prices, current_prices in rupees lakh"
2022-23,2011-12,Gujarat,121204442.00,191417665.00,"constant_prices, current_prices in rupees lakh"
2022-23,2011-12,Haryana,52190940.00,86719902.00,"constant_prices, current_prices in rupees lakh"
2022-23,2011-12,Himachal Pradesh,12235995.00,17984013.00,"constant_prices, current_prices in rupees lakh"
2022-23,2011-12,Jammu and Kashmir,11369666.00,19643498.00,"constant_prices, current_prices in rupees lakh"
2022-23,2011-12,Jharkhand,24014570.00,38061113.00,"constant_prices, current_prices in rupees lakh"
2022-23,2011-12,Karnataka,123442940.00,212698516.00,"constant_prices, current_prices in rupees lakh"
2022-23,2011-12,Kerala,53432131.00,92846959.00,"constant_prices, current_prices in rupees lakh"
2022-23,2011-12,Ladakh,,590375.00,"constant_prices, current_prices in rupees lakh"
2022-23,2011-12,Madhya Pradesh,59271520.00,117206181.00,"constant_prices, current_prices in rupees lakh"
2022-23,2011-12,Maharashtra,201262541.00,320191123.00,"constant_prices, current_prices in rupees lakh"
2022-23,2011-12,Manipur,2008455.00,3672438.00,"constant_prices, current_prices in rupees lakh"
2022-23,2011-12,Meghalaya,2489804.00,4297193.00,"constant_prices, current_prices in rupees lakh"
2022-23,2011-12,Mizoram,1851707.00,2903930.00,"constant_prices, current_prices in rupees lakh"
2022-23,2011-12,Nagaland,1784213.00,3421849.00,"constant_prices, current_prices in rupees lakh"
2022-23,2011-12,Odisha,40720738.00,63256660.00,"constant_prices, current_prices in rupees lakh"
2022-23,2011-12,Puducherry,2256448.00,3793909.00,"constant_prices, current_prices in rupees lakh"
2022-23,2011-12,Punjab,42466102.00,63815574.00,"constant_prices, current_prices in rupees lakh"
2022-23,2011-12,Rajasthan,72688717.00,127518911.00,"constant_prices, current_prices in rupees lakh"
2022-23,2011-12,Sikkim,2196266.00,4051986.00,"constant_prices, current_prices in rupees lakh"
2022-23,2011-12,Tamil Nadu,127274984.00,218430223.00,"constant_prices, current_prices in rupees lakh"
2022-23,2011-12,Telangana,65272786.00,120316085.00,"constant_prices, current_prices in rupees lakh"
2022-23,2011-12,Tripura,4095875.00,6802307.00,"constant_prices, current_prices in rupees lakh"
2022-23,2011-12,Uttar Pradesh,126993613.00,213599624.00,"constant_prices, current_prices in rupees lakh"
2022-23,2011-12,Uttarakhand,17666281.00,27185184.00,"constant_prices, current_prices in rupees lakh"
2022-23,2011-12,West Bengal,81944985.00,142985137.00,"constant_prices, current_prices in rupees lakh"
2021-22,2011-12,Andaman and Nicobar Islands,657186.00,966861.00,"constant_prices, current_prices in rupees lakh"
2021-22,2011-12,Andhra Pradesh,64759011.00,106240055.00,"constant_prices, current_prices in rupees lakh"
2021-22,2011-12,Arunachal Pradesh,1727775.00,3063575.00,"constant_prices, current_prices in rupees lakh"
2021-22,2011-12,Assam,23554862.00,37884079.00,"constant_prices, current_prices in rupees lakh"
2021-22,2011-12,Bihar,38280039.00,64110677.00,"constant_prices, current_prices in rupees lakh"
2021-22,2011-12,Chandigarh,2877304.00,4292823.00,"constant_prices, current_prices in rupees lakh"
2021-22,2011-12,Chhattisgarh,25204843.00,39072550.00,"constant_prices, current_prices in rupees lakh"
2021-22,2011-12,Delhi,49616225.00,76640092.00,"constant_prices, current_prices in rupees lakh"
2021-22,2011-12,Goa,4873429.00,7327802.00,"constant_prices, current_prices in rupees lakh"
2021-22,2011-12,Gujarat,115135573.00,169298947.00,"constant_prices, current_prices in rupees lakh"
2021-22,2011-12,Haryana,49676077.00,76813062.00,"constant_prices, current_prices in rupees lakh"
2021-22,2011-12,Himachal Pradesh,11417573.00,15920876.00,"constant_prices, current_prices in rupees lakh"
2021-22,2011-12,Jammu and Kashmir,10702130.00,17626985.00,"constant_prices, current_prices in rupees lakh"
2021-22,2011-12,Jharkhand,22457346.00,34851145.00,"constant_prices, current_prices in rupees lakh"
2021-22,2011-12,Karnataka,111551690.00,183899139.00,"constant_prices, current_prices in rupees lakh"
2021-22,2011-12,Kerala,50099348.00,82303202.00,"constant_prices, current_prices in rupees lakh"
2021-22,2011-12,Ladakh,,,"constant_prices, current_prices in rupees lakh"
2021-22,2011-12,Madhya Pradesh,55892512.00,105741532.00,"constant_prices, current_prices in rupees lakh"
2021-22,2011-12,Maharashtra,185366109.00,279226616.00,"constant_prices, current_prices in rupees lakh"
2021-22,2011-12,Manipur,1898577.00,3347071.00,"constant_prices, current_prices in rupees lakh"
2021-22,2011-12,Meghalaya,2282881.00,3708849.00,"constant_prices, current_prices in rupees lakh"
2021-22,2011-12,Mizoram,1684557.00,2587894.00,"constant_prices, current_prices in rupees lakh"
2021-22,2011-12,Nagaland,1749080.00,3095613.00,"constant_prices, current_prices in rupees lakh"
2021-22,2011-12,Odisha,40798731.00,61703839.00,"constant_prices, current_prices in rupees lakh"
2021-22,2011-12,Puducherry,2139507.00,3556757.00,"constant_prices, current_prices in rupees lakh"
2021-22,2011-12,Punjab,39771679.00,56259349.00,"constant_prices, current_prices in rupees lakh"
2021-22,2011-12,Rajasthan,67989611.00,113071550.00,"constant_prices, current_prices in rupees lakh"
2021-22,2011-12,Sikkim,2032829.00,3581880.00,"constant_prices, current_prices in rupees lakh"
2021-22,2011-12,Tamil Nadu,119847593.00,191232389.00,"constant_prices, current_prices in rupees lakh"
2021-22,2011-12,Telangana,60673574.00,103019269.00,"constant_prices, current_prices in rupees lakh"
2021-22,2011-12,Tripura,3790872.00,5999761.00,"constant_prices, current_prices in rupees lakh"
2021-22,2011-12,Uttar Pradesh,118104904.00,187676401.00,"constant_prices, current_prices in rupees lakh"
2021-22,2011-12,Uttarakhand,16368257.00,23900458.00,"constant_prices, current_prices in rupees lakh"
2021-22,2011-12,West Bengal,76990643.00,126422986.00,"constant_prices, current_prices in rupees lakh"
2020-21,2011-12,Andaman and Nicobar Islands,622098.00,862559.00,"constant_prices, current_prices in rupees lakh"
2020-21,2011-12,Andhra Pradesh,59750517.00,90886785.00,"constant_prices, current_prices in rupees lakh"
2020-21,2011-12,Arunachal Pradesh,1695112.00,2856317.00,"constant_prices, current_prices in rupees lakh"
2020-21,2011-12,Assam,21621051.00,30896832.00,"constant_prices, current_prices in rupees lakh"
2020-21,2011-12,Bihar,35713975.00,55232723.00,"constant_prices, current_prices in rupees lakh"
2020-21,2011-12,Chandigarh,2700201.00,3688834.00,"constant_prices, current_prices in rupees lakh"
2020-21,2011-12,Chhattisgarh,23798534.00,33603012.00,"constant_prices, current_prices in rupees lakh"
2020-21,2011-12,Delhi,47106982.00,66689937.00,"constant_prices, current_prices in rupees lakh"
2020-21,2011-12,Goa,4827751.00,6825970.00,"constant_prices, current_prices in rupees lakh"
2020-21,2011-12,Gujarat,106561827.00,143834928.00,"constant_prices, current_prices in rupees lakh"
2020-21,2011-12,Haryana,44389530.00,64104188.00,"constant_prices, current_prices in rupees lakh"
2020-21,2011-12,Himachal Pradesh,10929923.00,14308453.00,"constant_prices, current_prices in rupees lakh"
2020-21,2011-12,Jammu and Kashmir,10208891.00,15465261.00,"constant_prices, current_prices in rupees lakh"
2020-21,2011-12,Jharkhand,19781873.00,27519645.00,"constant_prices, current_prices in rupees lakh"
2020-21,2011-12,Karnataka,100618333.00,150802013.00,"constant_prices, current_prices in rupees lakh"
2020-21,2011-12,Kerala,44498213.00,68579335.00,"constant_prices, current_prices in rupees lakh"
2020-21,2011-12,Ladakh,,,"constant_prices, current_prices in rupees lakh"
2020-21,2011-12,Madhya Pradesh,49905712.00,89430358.00,"constant_prices, current_prices in rupees lakh"
2020-21,2011-12,Maharashtra,166282045.00,233215189.00,"constant_prices, current_prices in rupees lakh"
2020-21,2011-12,Manipur,1711330.00,2844515.00,"constant_prices, current_prices in rupees lakh"
2020-21,2011-12,Meghalaya,2125807.00,3137303.00,"constant_prices, current_prices in rupees lakh"
2020-21,2011-12,Mizoram,1580612.00,2330171.00,"constant_prices, current_prices in rupees lakh"
2020-21,2011-12,Nagaland,1681286.00,2864559.00,"constant_prices, current_prices in rupees lakh"
2020-21,2011-12,Odisha,35401877.00,48084169.00,"constant_prices, current_prices in rupees lakh"
2020-21,2011-12,Puducherry,2181314.00,3269665.00,"constant_prices, current_prices in rupees lakh"
2020-21,2011-12,Punjab,37258619.00,48683875.00,"constant_prices, current_prices in rupees lakh"
2020-21,2011-12,Rajasthan,62129045.00,96117533.00,"constant_prices, current_prices in rupees lakh"
2020-21,2011-12,Sikkim,1871729.00,3160016.00,"constant_prices, current_prices in rupees lakh"
2020-21,2011-12,Tamil Nadu,111417016.00,165482055.00,"constant_prices, current_prices in rupees lakh"
2020-21,2011-12,Telangana,54656563.00,86895290.00,"constant_prices, current_prices in rupees lakh"
2020-21,2011-12,Tripura,3457108.00,5115579.00,"constant_prices, current_prices in rupees lakh"
2020-21,2011-12,Uttar Pradesh,106079791.00,155141962.00,"constant_prices, current_prices in rupees lakh"
2020-21,2011-12,Uttarakhand,15584002.00,21218294.00,"constant_prices, current_prices in rupees lakh"
2020-21,2011-12,West Bengal,69468685.00,107575114.00,"constant_prices, current_prices in rupees lakh"
2019-20,2011-12,Andaman and Nicobar Islands,665908.00,894967.00,"constant_prices, current_prices in rupees lakh"
2019-20,2011-12,Andhra Pradesh,58860945.00,86284781.00,"constant_prices, current_prices in rupees lakh"
2019-20,2011-12,Arunachal Pradesh,1786513.00,2832963.00,"constant_prices, current_prices in rupees lakh"
2019-20,2011-12,Assam,21912863.00,31897111.00,"constant_prices, current_prices in rupees lakh"
2019-20,2011-12,Bihar,38182185.00,55980493.00,"constant_prices, current_prices in rupees lakh"
2019-20,2011-12,Chandigarh,3032961.00,4052718.00,"constant_prices, current_prices in rupees lakh"
2019-20,2011-12,Chhattisgarh,23537766.00,32497528.00,"constant_prices, current_prices in rupees lakh"
2019-20,2011-12,Delhi,51196523.00,70436877.00,"constant_prices, current_prices in rupees lakh"
2019-20,2011-12,Goa,4969154.00,6785472.00,"constant_prices, current_prices in rupees lakh"
2019-20,2011-12,Gujarat,109670333.00,144015116.00,"constant_prices, current_prices in rupees lakh"
2019-20,2011-12,Haryana,47888319.00,65700978.00,"constant_prices, current_prices in rupees lakh"
2019-20,2011-12,Himachal Pradesh,11410594.00,14904167.00,"constant_prices, current_prices in rupees lakh"
2019-20,2011-12,Jammu and Kashmir,10597883.00,15382733.00,"constant_prices, current_prices in rupees lakh"
2019-20,2011-12,Jharkhand,20889973.00,28319596.00,"constant_prices, current_prices in rupees lakh"
2019-20,2011-12,Karnataka,102538478.00,147683964.00,"constant_prices, current_prices in rupees lakh"
2019-20,2011-12,Kerala,49397423.00,73019294.00,"constant_prices, current_prices in rupees lakh"
2019-20,2011-12,Ladakh,,,"constant_prices, current_prices in rupees lakh"
2019-20,2011-12,Madhya Pradesh,52017568.00,86960843.00,"constant_prices, current_prices in rupees lakh"
2019-20,2011-12,Maharashtra,181463274.00,235057075.00,"constant_prices, current_prices in rupees lakh"
2019-20,2011-12,Manipur,1820226.00,2844138.00,"constant_prices, current_prices in rupees lakh"
2019-20,2011-12,Meghalaya,2319828.00,3244404.00,"constant_prices, current_prices in rupees lakh"
2019-20,2011-12,Mizoram,1702719.00,2413253.00,"constant_prices, current_prices in rupees lakh"
2019-20,2011-12,Nagaland,1766941.00,2862253.00,"constant_prices, current_prices in rupees lakh"
2019-20,2011-12,Odisha,35736190.00,47448237.00,"constant_prices, current_prices in rupees lakh"
2019-20,2011-12,Puducherry,2356343.00,3300840.00,"constant_prices, current_prices in rupees lakh"
2019-20,2011-12,Punjab,37780478.00,49009496.00,"constant_prices, current_prices in rupees lakh"
2019-20,2011-12,Rajasthan,63474705.00,94555064.00,"constant_prices, current_prices in rupees lakh"
2019-20,2011-12,Sikkim,1857006.00,2995383.00,"constant_prices, current_prices in rupees lakh"
2019-20,2011-12,Tamil Nadu,111493100.00,160133216.00,"constant_prices, current_prices in rupees lakh"
2019-20,2011-12,Telangana,57946110.00,86977322.00,"constant_prices, current_prices in rupees lakh"
2019-20,2011-12,Tripura,3626474.00,5187633.00,"constant_prices, current_prices in rupees lakh"
2019-20,2011-12,Uttar Pradesh,110702476.00,160028248.00,"constant_prices, current_prices in rupees lakh"
2019-20,2011-12,Uttarakhand,17443879.00,22345219.00,"constant_prices, current_prices in rupees lakh"
2019-20,2011-12,West Bengal,74638846.00,110267179.00,"constant_prices, current_prices in rupees lakh"
2018-19,2011-12,Andaman and Nicobar Islands,633901.00,831096.00,"constant_prices, current_prices in rupees lakh"
2018-19,2011-12,Andhra Pradesh,55929375.00,79817560.00,"constant_prices, current_prices in rupees lakh"
2018-19,2011-12,Arunachal Pradesh,1575126.00,2397653.00,"constant_prices, current_prices in rupees lakh"
2018-19,2011-12,Assam,20892085.00,28214800.00,"constant_prices, current_prices in rupees lakh"
2018-19,2011-12,Bihar,36699173.00,51035141.00,"constant_prices, current_prices in rupees lakh"
2018-19,2011-12,Chandigarh,2852045.00,3733457.00,"constant_prices, current_prices in rupees lakh"
2018-19,2011-12,Chhattisgarh,22287581.00,30110605.00,"constant_prices, current_prices in rupees lakh"
2018-19,2011-12,Delhi,48858247.00,64783905.00,"constant_prices, current_prices in rupees lakh"
2018-19,2011-12,Goa,4874671.00,6442227.00,"constant_prices, current_prices in rupees lakh"
2018-19,2011-12,Gujarat,102702434.00,131343422.00,"constant_prices, current_prices in rupees lakh"
2018-19,2011-12,Haryana,46692640.00,62384826.00,"constant_prices, current_prices in rupees lakh"
2018-19,2011-12,Himachal Pradesh,11001185.00,13898402.00,"constant_prices, current_prices in rupees lakh"
2018-19,2011-12,Jammu and Kashmir,10686379.00,14945500.00,"constant_prices, current_prices in rupees lakh"
2018-19,2011-12,Jharkhand,20661937.00,27882369.00,"constant_prices, current_prices in rupees lakh"
2018-19,2011-12,Karnataka,95804915.00,133871884.00,"constant_prices, current_prices in rupees lakh"
2018-19,2011-12,Kerala,48022604.00,69618249.00,"constant_prices, current_prices in rupees lakh"
2018-19,2011-12,Ladakh,,,"constant_prices, current_prices in rupees lakh"
2018-19,2011-12,Madhya Pradesh,50489541.00,78351945.00,"constant_prices, current_prices in rupees lakh"
2018-19,2011-12,Maharashtra,172501058.00,221676828.00,"constant_prices, current_prices in rupees lakh"
2018-19,2011-12,Manipur,1744574.00,2628234.00,"constant_prices, current_prices in rupees lakh"
2018-19,2011-12,Meghalaya,2209140.00,3002769.00,"constant_prices, current_prices in rupees lakh"
2018-19,2011-12,Mizoram,1524802.00,2105973.00,"constant_prices, current_prices in rupees lakh"
2018-19,2011-12,Nagaland,1641053.00,2592614.00,"constant_prices, current_prices in rupees lakh"
2018-19,2011-12,Odisha,35299658.00,44786570.00,"constant_prices, current_prices in rupees lakh"
2018-19,2011-12,Puducherry,2395547.00,3123274.00,"constant_prices, current_prices in rupees lakh"
2018-19,2011-12,Punjab,36294472.00,46398812.00,"constant_prices, current_prices in rupees lakh"
2018-19,2011-12,Rajasthan,60046187.00,85909090.00,"constant_prices, current_prices in rupees lakh"
2018-19,2011-12,Sikkim,1767550.00,2695452.00,"constant_prices, current_prices in rupees lakh"
2018-19,2011-12,Tamil Nadu,108017170.00,149004174.00,"constant_prices, current_prices in rupees lakh"
2018-19,2011-12,Telangana,54542139.00,77694557.00,"constant_prices, current_prices in rupees lakh"
2018-19,2011-12,Tripura,3519768.00,4791262.00,"constant_prices, current_prices in rupees lakh"
2018-19,2011-12,Uttar Pradesh,106468381.00,148239993.00,"constant_prices, current_prices in rupees lakh"
2018-19,2011-12,Uttarakhand,17093191.00,21336358.00,"constant_prices, current_prices in rupees lakh"
2018-19,2011-12,West Bengal,72093732.00,102668290.00,"constant_prices, current_prices in rupees lakh"
2017-18,2011-12,Andaman and Nicobar Islands,619310.00,755921.00,"constant_prices, current_prices in rupees lakh"
2017-18,2011-12,Andhra Pradesh,53786892.00,72527188.00,"constant_prices, current_prices in rupees lakh"
2017-18,2011-12,Arunachal Pradesh,1482225.00,2157736.00,"constant_prices, current_prices in rupees lakh"
2017-18,2011-12,Assam,20680674.00,26270579.00,"constant_prices, current_prices in rupees lakh"
2017-18,2011-12,Bihar,33482650.00,45841506.00,"constant_prices, current_prices in rupees lakh"
2017-18,2011-12,Chandigarh,2723937.00,3408417.00,"constant_prices, current_prices in rupees lakh"
2017-18,2011-12,Chhattisgarh,20010414.00,25973833.00,"constant_prices, current_prices in rupees lakh"
2017-18,2011-12,Delhi,46333293.00,58689972.00,"constant_prices, current_prices in rupees lakh"
2017-18,2011-12,Goa,4826333.00,6145532.00,"constant_prices, current_prices in rupees lakh"
2017-18,2011-12,Gujarat,95051750.00,117283889.00,"constant_prices, current_prices in rupees lakh"
2017-18,2011-12,Haryana,42445828.00,54524020.00,"constant_prices, current_prices in rupees lakh"
2017-18,2011-12,Himachal Pradesh,10412975.00,12659911.00,"constant_prices, current_prices in rupees lakh"
2017-18,2011-12,Jammu and Kashmir,9845143.00,12955569.00,"constant_prices, current_prices in rupees lakh"
2017-18,2011-12,Jharkhand,18746696.00,24239281.00,"constant_prices, current_prices in rupees lakh"
2017-18,2011-12,Karnataka,89977017.00,119917182.00,"constant_prices, current_prices in rupees lakh"
2017-18,2011-12,Kerala,46075400.00,63488389.00,"constant_prices, current_prices in rupees lakh"
2017-18,2011-12,Ladakh,,,"constant_prices, current_prices in rupees lakh"
2017-18,2011-12,Madhya Pradesh,46051606.00,68345569.00,"constant_prices, current_prices in rupees lakh"
2017-18,2011-12,Maharashtra,166820507.00,206443186.00,"constant_prices, current_prices in rupees lakh"
2017-18,2011-12,Manipur,1815524.00,2503973.00,"constant_prices, current_prices in rupees lakh"
2017-18,2011-12,Meghalaya,2092266.00,2741162.00,"constant_prices, current_prices in rupees lakh"
2017-18,2011-12,Mizoram,1418047.00,1880802.00,"constant_prices, current_prices in rupees lakh"
2017-18,2011-12,Nagaland,1590788.00,2375974.00,"constant_prices, current_prices in rupees lakh"
2017-18,2011-12,Odisha,32735286.00,39087730.00,"constant_prices, current_prices in rupees lakh"
2017-18,2011-12,Puducherry,1944222.00,2798925.00,"constant_prices, current_prices in rupees lakh"
2017-18,2011-12,Punjab,34468624.00,42701037.00,"constant_prices, current_prices in rupees lakh"
2017-18,2011-12,Rajasthan,59000780.00,78771538.00,"constant_prices, current_prices in rupees lakh"
2017-18,2011-12,Sikkim,1632631.00,2399135.00,"constant_prices, current_prices in rupees lakh"
2017-18,2011-12,Tamil Nadu,101449075.00,133053677.00,"constant_prices, current_prices in rupees lakh"
2017-18,2011-12,Telangana,50074176.00,68017728.00,"constant_prices, current_prices in rupees lakh"
2017-18,2011-12,Tripura,3194234.00,4235268.00,"constant_prices, current_prices in rupees lakh"
2017-18,2011-12,Uttar Pradesh,102280730.00,136012506.00,"constant_prices, current_prices in rupees lakh"
2017-18,2011-12,Uttarakhand,16710349.00,20036748.00,"constant_prices, current_prices in rupees lakh"
2017-18,2011-12,West Bengal,67605026.00,91360841.00,"constant_prices, current_prices in rupees lakh"
2016-17,2011-12,Andaman and Nicobar Islands,570639.00,679363.00,"constant_prices, current_prices in rupees lakh"
2016-17,2011-12,Andhra Pradesh,48772677.00,62450287.00,"constant_prices, current_prices in rupees lakh"
2016-17,2011-12,Arunachal Pradesh,1404916.00,1905808.00,"constant_prices, current_prices in rupees lakh"
2016-17,2011-12,Assam,18712296.00,23731541.00,"constant_prices, current_prices in rupees lakh"
2016-17,2011-12,Bihar,30694015.00,40845667.00,"constant_prices, current_prices in rupees lakh"
2016-17,2011-12,Chandigarh,2654124.00,3179513.00,"constant_prices, current_prices in rupees lakh"
2016-17,2011-12,Chhattisgarh,19465835.00,24154594.00,"constant_prices, current_prices in rupees lakh"
2016-17,2011-12,Delhi,43798981.00,53117539.00,"constant_prices, current_prices in rupees lakh"
2016-17,2011-12,Goa,4690872.00,5681827.00,"constant_prices, current_prices in rupees lakh"
2016-17,2011-12,Gujarat,86629820.00,103915555.00,"constant_prices, current_prices in rupees lakh"
2016-17,2011-12,Haryana,40361094.00,49144788.00,"constant_prices, current_prices in rupees lakh"
2016-17,2011-12,Himachal Pradesh,9831733.00,11749465.00,"constant_prices, current_prices in rupees lakh"
2016-17,2011-12,Jammu and Kashmir,9467181.00,11820042.00,"constant_prices, current_prices in rupees lakh"
2016-17,2011-12,Jharkhand,17262033.00,21187113.00,"constant_prices, current_prices in rupees lakh"
2016-17,2011-12,Karnataka,84519597.00,108339442.00,"constant_prices, current_prices in rupees lakh"
2016-17,2011-12,Kerala,43537107.00,57024819.00,"constant_prices, current_prices in rupees lakh"
2016-17,2011-12,Madhya Pradesh,43747686.00,60761658.00,"constant_prices, current_prices in rupees lakh"
2016-17,2011-12,Maharashtra,159981861.00,190848470.00,"constant_prices, current_prices in rupees lakh"
2016-17,2011-12,Manipur,1634302.00,2043834.00,"constant_prices, current_prices in rupees lakh"
2016-17,2011-12,Meghalaya,1951289.00,2467113.00,"constant_prices, current_prices in rupees lakh"
2016-17,2011-12,Mizoram,1309424.00,1668880.00,"constant_prices, current_prices in rupees lakh"
2016-17,2011-12,Nagaland,1525091.00,2124607.00,"constant_prices, current_prices in rupees lakh"
2016-17,2011-12,Odisha,31097941.00,35497589.00,"constant_prices, current_prices in rupees lakh"
2016-17,2011-12,Puducherry,1782181.00,2574138.00,"constant_prices, current_prices in rupees lakh"
2016-17,2011-12,Punjab,32484547.00,38618871.00,"constant_prices, current_prices in rupees lakh"
2016-17,2011-12,Rajasthan,56309721.00,72197182.00,"constant_prices, current_prices in rupees lakh"
2016-17,2011-12,Sikkim,1458525.00,1959619.00,"constant_prices, current_prices in rupees lakh"
2016-17,2011-12,Tamil Nadu,93950101.00,118379880.00,"constant_prices, current_prices in rupees lakh"
2016-17,2011-12,Telangana,45953910.00,60018601.00,"constant_prices, current_prices in rupees lakh"
2016-17,2011-12,Tripura,2889302.00,3772986.00,"constant_prices, current_prices in rupees lakh"
2016-17,2011-12,Uttar Pradesh,95231437.00,119689996.00,"constant_prices, current_prices in rupees lakh"
2016-17,2011-12,Uttarakhand,15526255.00,17983865.00,"constant_prices, current_prices in rupees lakh"
2016-17,2011-12,West Bengal,63249390.00,81933989.00,"constant_prices, current_prices in rupees lakh"
2015-16,2011-12,Andaman and Nicobar Islands,508805.00,602695.00,"constant_prices, current_prices in rupees lakh"
2015-16,2011-12,Andhra Pradesh,45045306.00,55642062.00,"constant_prices, current_prices in rupees lakh"
2015-16,2011-12,Arunachal Pradesh,1376580.00,1795539.00,"constant_prices, current_prices in rupees lakh"
2015-16,2011-12,Assam,18067369.00,21517442.00,"constant_prices, current_prices in rupees lakh"
2015-16,2011-12,Bihar,28608959.00,36415499.00,"constant_prices, current_prices in rupees lakh"
2015-16,2011-12,Chandigarh,2452765.00,2866823.00,"constant_prices, current_prices in rupees lakh"
2015-16,2011-12,Chhattisgarh,18014536.00,21371205.00,"constant_prices, current_prices in rupees lakh"
2015-16,2011-12,Delhi,41091745.00,47878154.00,"constant_prices, current_prices in rupees lakh"
2015-16,2011-12,Goa,4152563.00,4954923.00,"constant_prices, current_prices in rupees lakh"
2015-16,2011-12,Gujarat,79263531.00,91525289.00,"constant_prices, current_prices in rupees lakh"
2015-16,2011-12,Haryana,36740800.00,43933491.00,"constant_prices, current_prices in rupees lakh"
2015-16,2011-12,Himachal Pradesh,9192566.00,10725675.00,"constant_prices, current_prices in rupees lakh"
2015-16,2011-12,Jammu and Kashmir,9139017.00,11061385.00,"constant_prices, current_prices in rupees lakh"
2015-16,2011-12,Jharkhand,15774120.00,18687522.00,"constant_prices, current_prices in rupees lakh"
2015-16,2011-12,Karnataka,75530653.00,94266872.00,"constant_prices, current_prices in rupees lakh"
2015-16,2011-12,Kerala,40648007.00,50913738.00,"constant_prices, current_prices in rupees lakh"
2015-16,2011-12,Madhya Pradesh,38989851.00,50817506.00,"constant_prices, current_prices in rupees lakh"
2015-16,2011-12,Maharashtra,146848493.00,172048768.00,"constant_prices, current_prices in rupees lakh"
2015-16,2011-12,Manipur,1597849.00,1903318.00,"constant_prices, current_prices in rupees lakh"
2015-16,2011-12,Meghalaya,1875803.00,2287227.00,"constant_prices, current_prices in rupees lakh"
2015-16,2011-12,Mizoram,1199895.00,1481422.00,"constant_prices, current_prices in rupees lakh"
2015-16,2011-12,Nagaland,1444790.00,1927233.00,"constant_prices, current_prices in rupees lakh"
2015-16,2011-12,Odisha,27464169.00,30450599.00,"constant_prices, current_prices in rupees lakh"
2015-16,2011-12,Puducherry,1659649.00,2317605.00,"constant_prices, current_prices in rupees lakh"
2015-16,2011-12,Punjab,30520874.00,35315538.00,"constant_prices, current_prices in rupees lakh"
2015-16,2011-12,Rajasthan,52889688.00,64296040.00,"constant_prices, current_prices in rupees lakh"
2015-16,2011-12,Sikkim,1373908.00,1724275.00,"constant_prices, current_prices in rupees lakh"
2015-16,2011-12,Tamil Nadu,87907147.00,107641409.00,"constant_prices, current_prices in rupees lakh"
2015-16,2011-12,Telangana,42384244.00,53033551.00,"constant_prices, current_prices in rupees lakh"
2015-16,2011-12,Tripura,2587235.00,3472325.00,"constant_prices, current_prices in rupees lakh"
2015-16,2011-12,Uttar Pradesh,85157433.00,105765147.00,"constant_prices, current_prices in rupees lakh"
2015-16,2011-12,Uttarakhand,14230782.00,16359503.00,"constant_prices, current_prices in rupees lakh"
2015-16,2011-12,West Bengal,58692252.00,75016317.00,"constant_prices, current_prices in rupees lakh"
2014-15,2011-12,Andaman and Nicobar Islands,480416.00,554945.00,"constant_prices, current_prices in rupees lakh"
2014-15,2011-12,Andhra Pradesh,40701128.00,48770864.00,"constant_prices, current_prices in rupees lakh"
2014-15,2011-12,Arunachal Pradesh,1402885.00,1753815.00,"constant_prices, current_prices in rupees lakh"
2014-15,2011-12,Assam,15559921.00,18429412.00,"constant_prices, current_prices in rupees lakh"
2014-15,2011-12,Bihar,26941804.00,33519908.00,"constant_prices, current_prices in rupees lakh"
2014-15,2011-12,Chandigarh,2272102.00,2636144.00,"constant_prices, current_prices in rupees lakh"
2014-15,2011-12,Chhattisgarh,17523357.00,20906764.00,"constant_prices, current_prices in rupees lakh"
2014-15,2011-12,Delhi,37584777.00,43424110.00,"constant_prices, current_prices in rupees lakh"
2014-15,2011-12,Goa,3681192.00,4319049.00,"constant_prices, current_prices in rupees lakh"
2014-15,2011-12,Gujarat,71850958.00,82423326.00,"constant_prices, current_prices in rupees lakh"
2014-15,2011-12,Haryana,33496911.00,39991427.00,"constant_prices, current_prices in rupees lakh"
2014-15,2011-12,Himachal Pradesh,8510189.00,9733153.00,"constant_prices, current_prices in rupees lakh"
2014-15,2011-12,Jammu and Kashmir,7780177.00,9311907.00,"constant_prices, current_prices in rupees lakh"
2014-15,2011-12,Jharkhand,17125696.00,20079571.00,"constant_prices, current_prices in rupees lakh"
2014-15,2011-12,Karnataka,68394435.00,83131593.00,"constant_prices, current_prices in rupees lakh"
2014-15,2011-12,Kerala,38586962.00,47180920.00,"constant_prices, current_prices in rupees lakh"
2014-15,2011-12,Madhya Pradesh,36364007.00,45620028.00,"constant_prices, current_prices in rupees lakh"
2014-15,2011-12,Maharashtra,137637418.00,158693708.00,"constant_prices, current_prices in rupees lakh"
2014-15,2011-12,Manipur,1502538.00,1786630.00,"constant_prices, current_prices in rupees lakh"
2014-15,2011-12,Meghalaya,1913447.00,2202768.00,"constant_prices, current_prices in rupees lakh"
2014-15,2011-12,Mizoram,1110198.00,1334390.00,"constant_prices, current_prices in rupees lakh"
2014-15,2011-12,Nagaland,1429722.00,1824394.00,"constant_prices, current_prices in rupees lakh"
2014-15,2011-12,Odisha,25584002.00,29520164.00,"constant_prices, current_prices in rupees lakh"
2014-15,2011-12,Puducherry,1581638.00,1979373.00,"constant_prices, current_prices in rupees lakh"
2014-15,2011-12,Punjab,29009391.00,32877935.00,"constant_prices, current_prices in rupees lakh"
2014-15,2011-12,Rajasthan,49370378.00,58364573.00,"constant_prices, current_prices in rupees lakh"
2014-15,2011-12,Sikkim,1259455.00,1484516.00,"constant_prices, current_prices in rupees lakh"
2014-15,2011-12,Tamil Nadu,81500069.00,98284312.00,"constant_prices, current_prices in rupees lakh"
2014-15,2011-12,Telangana,38307307.00,46649916.00,"constant_prices, current_prices in rupees lakh"
2014-15,2011-12,Tripura,2650061.00,2886502.00,"constant_prices, current_prices in rupees lakh"
2014-15,2011-12,Uttar Pradesh,78093698.00,94899345.00,"constant_prices, current_prices in rupees lakh"
2014-15,2011-12,Uttarakhand,13224866.00,15048694.00,"constant_prices, current_prices in rupees lakh"
2014-15,2011-12,West Bengal,55652671.00,67880033.00,"constant_prices, current_prices in rupees lakh"
2013-14,2011-12,Andaman and Nicobar Islands,450235.00,503825.00,"constant_prices, current_prices in rupees lakh"
2013-14,2011-12,Andhra Pradesh,37558505.00,42672201.00,"constant_prices, current_prices in rupees lakh"
2013-14,2011-12,Arunachal Pradesh,1207948.00,1427735.00,"constant_prices, current_prices in rupees lakh"
2013-14,2011-12,Assam,14594127.00,16785025.00,"constant_prices, current_prices in rupees lakh"
2013-14,2011-12,Bihar,26066234.00,30668542.00,"constant_prices, current_prices in rupees lakh"
2013-14,2011-12,Chandigarh,2193198.00,2461336.00,"constant_prices, current_prices in rupees lakh"
2013-14,2011-12,Chhattisgarh,17255460.00,19542711.00,"constant_prices, current_prices in rupees lakh"
2013-14,2011-12,Delhi,34162477.00,38593091.00,"constant_prices, current_prices in rupees lakh"
2013-14,2011-12,Goa,2818646.00,3202361.00,"constant_prices, current_prices in rupees lakh"
2013-14,2011-12,Gujarat,65149149.00,72108295.00,"constant_prices, current_prices in rupees lakh"
2013-14,2011-12,Haryana,31605865.00,36756677.00,"constant_prices, current_prices in rupees lakh"
2013-14,2011-12,Himachal Pradesh,7928936.00,8935770.00,"constant_prices, current_prices in rupees lakh"
2013-14,2011-12,Jammu and Kashmir,8072179.00,9062373.00,"constant_prices, current_prices in rupees lakh"
2013-14,2011-12,Jharkhand,15172379.00,17253230.00,"constant_prices, current_prices in rupees lakh"
2013-14,2011-12,Karnataka,64200748.00,74037344.00,"constant_prices, current_prices in rupees lakh"
2013-14,2011-12,Kerala,37165147.00,42910029.00,"constant_prices, current_prices in rupees lakh"
2013-14,2011-12,Madhya Pradesh,34532723.00,41680964.00,"constant_prices, current_prices in rupees lakh"
2013-14,2011-12,Maharashtra,129642764.00,146896763.00,"constant_prices, current_prices in rupees lakh"
2013-14,2011-12,Manipur,1381923.00,1583948.00,"constant_prices, current_prices in rupees lakh"
2013-14,2011-12,Meghalaya,1978747.00,2184428.00,"constant_prices, current_prices in rupees lakh"
2013-14,2011-12,Mizoram,889166.00,1013407.00,"constant_prices, current_prices in rupees lakh"
2013-14,2011-12,Nagaland,1362743.00,1642062.00,"constant_prices, current_prices in rupees lakh"
2013-14,2011-12,Odisha,25256176.00,28044263.00,"constant_prices, current_prices in rupees lakh"
2013-14,2011-12,Puducherry,1684514.00,1918901.00,"constant_prices, current_prices in rupees lakh"
2013-14,2011-12,Punjab,27925101.00,30832906.00,"constant_prices, current_prices in rupees lakh"
2013-14,2011-12,Rajasthan,46177057.00,52334881.00,"constant_prices, current_prices in rupees lakh"
2013-14,2011-12,Sikkim,1165257.00,1331690.00,"constant_prices, current_prices in rupees lakh"
2013-14,2011-12,Tamil Nadu,77668351.00,88778435.00,"constant_prices, current_prices in rupees lakh"
2013-14,2011-12,Telangana,36429578.00,42172940.00,"constant_prices, current_prices in rupees lakh"
2013-14,2011-12,Tripura,2234589.00,2503940.00,"constant_prices, current_prices in rupees lakh"
2013-14,2011-12,Uttar Pradesh,75433096.00,88556502.00,"constant_prices, current_prices in rupees lakh"
2013-14,2011-12,Uttarakhand,12554464.00,13950393.00,"constant_prices, current_prices in rupees lakh"
2013-14,2011-12,West Bengal,53792226.00,64308808.00,"constant_prices, current_prices in rupees lakh"
2012-13,2011-12,Andaman and Nicobar Islands,423268.00,450223.00,"constant_prices, current_prices in rupees lakh"
2012-13,2011-12,Andhra Pradesh,35101408.00,37947671.00,"constant_prices, current_prices in rupees lakh"
2012-13,2011-12,Arunachal Pradesh,1116835.00,1240354.00,"constant_prices, current_prices in rupees lakh"
2012-13,2011-12,Assam,13969583.00,14860974.00,"constant_prices, current_prices in rupees lakh"
2012-13,2011-12,Bihar,25160949.00,27669912.00,"constant_prices, current_prices in rupees lakh"
2012-13,2011-12,Chandigarh,2024310.00,2156063.00,"constant_prices, current_prices in rupees lakh"
2012-13,2011-12,Chhattisgarh,15556882.00,16613333.00,"constant_prices, current_prices in rupees lakh"
2012-13,2011-12,Delhi,32093243.00,34258754.00,"constant_prices, current_prices in rupees lakh"
2012-13,2011-12,Goa,3282222.00,3487302.00,"constant_prices, current_prices in rupees lakh"
2012-13,2011-12,Gujarat,60700503.00,64515549.00,"constant_prices, current_prices in rupees lakh"
2012-13,2011-12,Haryana,29360057.00,31989448.00,"constant_prices, current_prices in rupees lakh"
2012-13,2011-12,Himachal Pradesh,7412569.00,7890840.00,"constant_prices, current_prices in rupees lakh"
2012-13,2011-12,Jammu and Kashmir,7699726.00,8308983.00,"constant_prices, current_prices in rupees lakh"
2012-13,2011-12,Jharkhand,15030597.00,16082669.00,"constant_prices, current_prices in rupees lakh"
2012-13,2011-12,Karnataka,58512351.00,63155790.00,"constant_prices, current_prices in rupees lakh"
2012-13,2011-12,Kerala,35635473.00,38128287.00,"constant_prices, current_prices in rupees lakh"
2012-13,2011-12,Madhya Pradesh,33819762.00,36641880.00,"constant_prices, current_prices in rupees lakh"
2012-13,2011-12,Maharashtra,121338185.00,129504163.00,"constant_prices, current_prices in rupees lakh"
2012-13,2011-12,Manipur,1297565.00,1372469.00,"constant_prices, current_prices in rupees lakh"
2012-13,2011-12,Meghalaya,1930916.00,2073867.00,"constant_prices, current_prices in rupees lakh"
2012-13,2011-12,Mizoram,792012.00,851315.00,"constant_prices, current_prices in rupees lakh"
2012-13,2011-12,Nagaland,1276703.00,1401219.00,"constant_prices, current_prices in rupees lakh"
2012-13,2011-12,Odisha,23191892.00,24916295.00,"constant_prices, current_prices in rupees lakh"
2012-13,2011-12,Puducherry,1508643.00,1647145.00,"constant_prices, current_prices in rupees lakh"
2012-13,2011-12,Punjab,26540116.00,28083782.00,"constant_prices, current_prices in rupees lakh"
2012-13,2011-12,Rajasthan,43452102.00,47206334.00,"constant_prices, current_prices in rupees lakh"
2012-13,2011-12,Sikkim,1108183.00,1196742.00,"constant_prices, current_prices in rupees lakh"
2012-13,2011-12,Tamil Nadu,72507418.00,78477168.00,"constant_prices, current_prices in rupees lakh"
2012-13,2011-12,Telangana,34587612.00,37526261.00,"constant_prices, current_prices in rupees lakh"
2012-13,2011-12,Tripura,2052666.00,2128938.00,"constant_prices, current_prices in rupees lakh"
2012-13,2011-12,Uttar Pradesh,71633937.00,77720557.00,"constant_prices, current_prices in rupees lakh"
2012-13,2011-12,Uttarakhand,11610323.00,12374880.00,"constant_prices, current_prices in rupees lakh"
2012-13,2011-12,West Bengal,52017765.00,56611164.00,"constant_prices, current_prices in rupees lakh"
2011-12,2011-12,Andaman and Nicobar Islands,403755.00,403755.00,"constant_prices, current_prices in rupees lakh"
2011-12,2011-12,Andhra Pradesh,34975303.00,34975303.00,"constant_prices, current_prices in rupees lakh"
2011-12,2011-12,Arunachal Pradesh,1085470.00,1085470.00,"constant_prices, current_prices in rupees lakh"
2011-12,2011-12,Assam,13529020.00,13529020.00,"constant_prices, current_prices in rupees lakh"
2011-12,2011-12,Bihar,24169850.00,24169850.00,"constant_prices, current_prices in rupees lakh"
2011-12,2011-12,Chandigarh,1873151.00,1873151.00,"constant_prices, current_prices in rupees lakh"
2011-12,2011-12,Chhattisgarh,14842982.00,14842982.00,"constant_prices, current_prices in rupees lakh"
2011-12,2011-12,Delhi,30323249.00,30323249.00,"constant_prices, current_prices in rupees lakh"
2011-12,2011-12,Goa,3940566.00,3940566.00,"constant_prices, current_prices in rupees lakh"
2011-12,2011-12,Gujarat,55192107.00,55192107.00,"constant_prices, current_prices in rupees lakh"
2011-12,2011-12,Haryana,27407463.00,27407463.00,"constant_prices, current_prices in rupees lakh"
2011-12,2011-12,Himachal Pradesh,6940278.00,6940278.00,"constant_prices, current_prices in rupees lakh"
2011-12,2011-12,Jammu and Kashmir,7476073.00,7476073.00,"constant_prices, current_prices in rupees lakh"
2011-12,2011-12,Jharkhand,13912959.00,13912959.00,"constant_prices, current_prices in rupees lakh"
2011-12,2011-12,Karnataka,55221364.00,55221364.00,"constant_prices, current_prices in rupees lakh"
2011-12,2011-12,Kerala,33629311.00,33629310.00,"constant_prices, current_prices in rupees lakh"
2011-12,2011-12,Madhya Pradesh,30368859.00,30368859.00,"constant_prices, current_prices in rupees lakh"
2011-12,2011-12,Maharashtra,114441844.00,114441844.00,"constant_prices, current_prices in rupees lakh"
2011-12,2011-12,Manipur,1272912.00,1272912.00,"constant_prices, current_prices in rupees lakh"
2011-12,2011-12,Meghalaya,1892182.00,1892182.00,"constant_prices, current_prices in rupees lakh"
2011-12,2011-12,Mizoram,743008.00,743008.00,"constant_prices, current_prices in rupees lakh"
2011-12,2011-12,Nagaland,1206674.00,1206676.00,"constant_prices, current_prices in rupees lakh"
2011-12,2011-12,Odisha,22023169.00,22023169.00,"constant_prices, current_prices in rupees lakh"
2011-12,2011-12,Puducherry,1481201.00,1481201.00,"constant_prices, current_prices in rupees lakh"
2011-12,2011-12,Punjab,25377427.00,25377427.00,"constant_prices, current_prices in rupees lakh"
2011-12,2011-12,Rajasthan,41698354.00,41698354.00,"constant_prices, current_prices in rupees lakh"
2011-12,2011-12,Sikkim,1089210.00,1089210.00,"constant_prices, current_prices in rupees lakh"
2011-12,2011-12,Tamil Nadu,69302212.00,69302212.00,"constant_prices, current_prices in rupees lakh"
2011-12,2011-12,Telangana,33605011.00,33605011.00,"constant_prices, current_prices in rupees lakh"
2011-12,2011-12,Tripura,1879553.00,1879553.00,"constant_prices, current_prices in rupees lakh"
2011-12,2011-12,Uttar Pradesh,68189459.00,68189459.00,"constant_prices, current_prices in rupees lakh"
2011-12,2011-12,Uttarakhand,10833284.00,10833282.00,"constant_prices, current_prices in rupees lakh"
2011-12,2011-12,West Bengal,49846983.00,49846984.00,"constant_prices, current_prices in rupees lakh"
