Sr. No.,State / Union Territory,Volume (in Mn),Volume Contribution,Value (in Cr.),Value Contribution,Month,Year
1,MAHARASHTRA,1746.49,0.1453,229753.56,0.126,12,2023
2,KARNATAKA,921.02,0.0766,128746.92,0.0706,12,2023
3,UTTAR PRADESH,774.15,0.0644,115581.23,0.0634,12,2023
4,TELANGANA,679.54,0.0565,118318.89,0.0649,12,2023
5,TAMIL NADU,511.92,0.0426,83498.19,0.0458,12,2023
6,RAJASTHAN,458.04,0.0381,74773.6,0.041,12,2023
7,ANDHRA PRADESH,437.75,0.0364,84149.99,0.0462,12,2023
8,MADHYA PRADESH,384.08,0.032,53739.43,0.0295,12,2023
9,DELHI,358.56,0.0298,49607.1,0.0272,12,2023
10,GUJARAT,341.58,0.0284,57762.41,0.0317,12,2023
11,BIHAR,332.74,0.0277,55538.69,0.0305,12,2023
12,WEST BENGAL,303.96,0.0253,53216.78,0.0292,12,2023
13,HARYANA,290.86,0.0242,45897.55,0.0252,12,2023
14,KERALA,273.68,0.0228,39059.74,0.0214,12,2023
15,ODISHA,239.01,0.0199,34650.83,0.019,12,2023
16,PUNJAB,151.53,0.0126,28595.01,0.0157,12,2023
17,JHARKHAND,132.25,0.011,19260.59,0.0106,12,2023
18,ASSAM,117.11,0.0097,17256.71,0.0095,12,2023
19,CHHATTISGARH,106.17,0.0088,14542.44,0.008,12,2023
20,UTTARAKHAND,82.74,0.0069,11377.31,0.0062,12,2023
21,HIMACHAL PRADESH,42.16,0.0035,5760.84,0.0032,12,2023
22,JAMMU AND KASHMIR,39.71,0.0033,6135.21,0.0034,12,2023
23,GOA,27.96,0.0023,4110.01,0.0023,12,2023
24,CHANDIGARH,20.47,0.0017,2737.91,0.0015,12,2023
25,PUDUCHERRY,12.87,0.0011,1834.69,0.001,12,2023
26,ARUNACHAL PRADESH,11.55,0.001,1937.35,0.0011,12,2023
27,TRIPURA,8.26,0.0007,1381.1,0.0008,12,2023
28,DADRA & NAGAR HAVELI & DAMAN & DIU,8.22,0.0007,907.49,0.0005,12,2023
29,MEGHALAYA,7.04,0.0006,1341.47,0.0007,12,2023
30,MANIPUR,5.71,0.0005,1630.29,0.0009,12,2023
31,NAGALAND,5.56,0.0005,1401.33,0.0008,12,2023
32,MIZORAM,5.49,0.0005,1217.18,0.0007,12,2023
33,SIKKIM,4.59,0.0004,806.34,0.0004,12,2023
34,ANDAMAN & NICOBAR,2.64,0.0002,491.18,0.0003,12,2023
35,LADAKH,1.74,0.0001,368.7,0.0002,12,2023
36,LAKSHADWEEP,0.25,0,36.4,0,12,2023
37,UNCLASSIFIED#,3172.83,0.264,475524.96,0.2609,12,2023
1,MAHARASHTRA,2195.56,0.12,254485.23,0.1027,3,2025
2,KARNATAKA,1092.86,0.0597,152072.42,0.0614,3,2025
3,UTTAR PRADESH,962.13,0.0526,134045.16,0.0541,3,2025
4,TELANGANA,784.35,0.0429,124966.41,0.0504,3,2025
5,TAMIL NADU,730.26,0.0399,111554.31,0.045,3,2025
6,ANDHRA PRADESH,524.69,0.0287,93739.59,0.0378,3,2025
7,RAJASTHAN,515.61,0.0282,78119.12,0.0315,3,2025
8,GUJARAT,470.83,0.0257,70343.32,0.0284,3,2025
9,MADHYA PRADESH,427.85,0.0234,58146.44,0.0235,3,2025
10,DELHI,419.25,0.0229,53531.51,0.0216,3,2025
11,BIHAR,414.96,0.0227,64098.56,0.0259,3,2025
12,WEST BENGAL,405.81,0.0222,64647.94,0.0261,3,2025
13,KERALA,353.95,0.0193,50645.7,0.0204,3,2025
14,HARYANA,346.8,0.0189,49619.26,0.02,3,2025
15,ODISHA,281.28,0.0154,38771.5,0.0157,3,2025
16,PUNJAB,194.7,0.0106,33048.66,0.0133,3,2025
17,ASSAM,181.37,0.0099,22815.27,0.0092,3,2025
18,JHARKHAND,166.62,0.0091,23760.23,0.0096,3,2025
19,CHHATTISGARH,128.15,0.007,17043.76,0.0069,3,2025
20,UTTARAKHAND,105.37,0.0058,13275.09,0.0054,3,2025
21,JAMMU AND KASHMIR,71.77,0.0039,10046.35,0.0041,3,2025
22,HIMACHAL PRADESH,57.13,0.0031,7048.59,0.0028,3,2025
23,GOA,32.62,0.0018,4518.59,0.0018,3,2025
24,CHANDIGARH,24.74,0.0014,3054.21,0.0012,3,2025
25,ARUNACHAL PRADESH,17.7,0.001,2450.07,0.001,3,2025
26,PUDUCHERRY,16.94,0.0009,2340.69,0.0009,3,2025
27,TRIPURA,13.16,0.0007,1871.46,0.0008,3,2025
28,MEGHALAYA,13.07,0.0007,1880.92,0.0008,3,2025
29,MANIPUR,12.02,0.0007,2655.73,0.0011,3,2025
30,DADRA & NAGAR HAVELI & DAMAN & DIU,10.57,0.0006,1095.97,0.0004,3,2025
31,MIZORAM,10.02,0.0005,1681.13,0.0007,3,2025
32,NAGALAND,9.97,0.0005,1726.32,0.0007,3,2025
33,SIKKIM,7.77,0.0004,1063.13,0.0004,3,2025
34,ANDAMAN & NICOBAR,3.66,0.0002,597.85,0.0002,3,2025
35,LADAKH,2.55,0.0001,419.6,0.0002,3,2025
36,LAKSHADWEEP,0.52,0,64.59,0,3,2025
37,UNCLASSIFIED#,7294.9,0.3986,925976.91,0.3738,3,2025
1,MAHARASHTRA,1826.53,0.1359,250484.52,0.1266,3,2024
2,KARNATAKA,1142.17,0.085,156929.06,0.0793,3,2024
3,UTTAR PRADESH,1000.03,0.0744,140637.92,0.0711,3,2024
4,TELANGANA,887.13,0.066,141964.06,0.0718,3,2024
5,TAMIL NADU,656.26,0.0488,103876.55,0.0525,3,2024
6,RAJASTHAN,599.75,0.0446,91202.44,0.0461,3,2024
7,MADHYA PRADESH,575.54,0.0428,76913.9,0.0389,3,2024
8,ANDHRA PRADESH,515.34,0.0383,97168.4,0.0491,3,2024
9,DELHI,469.67,0.0349,59757.19,0.0302,3,2024
10,BIHAR,455.84,0.0339,72235.02,0.0365,3,2024
11,GUJARAT,439.51,0.0327,68656.44,0.0347,3,2024
12,WEST BENGAL,386,0.0287,66683.59,0.0337,3,2024
13,HARYANA,351.2,0.0261,50497.34,0.0255,3,2024
14,ODISHA,310,0.0231,43820.87,0.0222,3,2024
15,KERALA,309.81,0.0231,44213.71,0.0223,3,2024
16,PUNJAB,186.18,0.0139,31180.39,0.0158,3,2024
17,ASSAM,166.53,0.0124,24035.14,0.0121,3,2024
18,JHARKHAND,157.45,0.0117,22507.82,0.0114,3,2024
19,CHHATTISGARH,131.55,0.0098,17789.07,0.009,3,2024
20,UTTARAKHAND,96.44,0.0072,12359.89,0.0062,3,2024
21,JAMMU AND KASHMIR,53.84,0.004,7489.54,0.0038,3,2024
22,HIMACHAL PRADESH,51.93,0.0039,6624.41,0.0033,3,2024
23,GOA,30.22,0.0022,4197.43,0.0021,3,2024
24,CHANDIGARH,26.64,0.002,3422.7,0.0017,3,2024
25,PUDUCHERRY,14.54,0.0011,2067.05,0.001,3,2024
26,ARUNACHAL PRADESH,14.3,0.0011,2266.76,0.0011,3,2024
27,TRIPURA,11.03,0.0008,1789.75,0.0009,3,2024
28,DADRA & NAGAR HAVELI & DAMAN & DIU,9.77,0.0007,1033.38,0.0005,3,2024
29,MEGHALAYA,9.6,0.0007,1527.77,0.0008,3,2024
30,MANIPUR,8.53,0.0006,2149.56,0.0011,3,2024
31,NAGALAND,8,0.0006,1688.06,0.0009,3,2024
32,MIZORAM,6.53,0.0005,1328.97,0.0007,3,2024
33,SIKKIM,5.64,0.0004,890.91,0.0005,3,2024
34,ANDAMAN & NICOBAR,2.95,0.0002,525.36,0.0003,3,2024
35,LADAKH,2.11,0.0002,382.57,0.0002,3,2024
36,LAKSHADWEEP,0.32,0,44.73,0,3,2024
37,UNCLASSIFIED#,2521.15,0.1876,368010.97,0.186,3,2024
1,MAHARASHTRA,1855.4,0.1285,249506.36,0.1209,7,2024
2,KARNATAKA,1168.35,0.0809,159553.82,0.0773,7,2024
3,UTTAR PRADESH,997.05,0.0691,132974.21,0.0644,7,2024
4,TELANGANA,893.66,0.0619,142350.66,0.069,7,2024
5,TAMIL NADU,677.2,0.0469,106563.19,0.0516,7,2024
6,RAJASTHAN,630.17,0.0437,92634.63,0.0449,7,2024
7,MADHYA PRADESH,577.98,0.04,75482.42,0.0366,7,2024
8,ANDHRA PRADESH,535.67,0.0371,97187.27,0.0471,7,2024
9,BIHAR,481.01,0.0333,70842.67,0.0343,7,2024
10,GUJARAT,453.24,0.0314,69129.55,0.0335,7,2024
11,DELHI,452.93,0.0314,56673.15,0.0275,7,2024
12,WEST BENGAL,429.78,0.0298,68677.12,0.0333,7,2024
13,HARYANA,360.77,0.025,51482.87,0.0249,7,2024
14,ODISHA,320.19,0.0222,43116.58,0.0209,7,2024
15,KERALA,315.38,0.0218,44478.13,0.0215,7,2024
16,PUNJAB,187.81,0.013,31460.15,0.0152,7,2024
17,ASSAM,186.19,0.0129,22156.74,0.0107,7,2024
18,JHARKHAND,168.74,0.0117,23060.05,0.0112,7,2024
19,CHHATTISGARH,135.5,0.0094,17785.47,0.0086,7,2024
20,UTTARAKHAND,97.26,0.0067,12476.1,0.006,7,2024
21,JAMMU AND KASHMIR,66.47,0.0046,9241.72,0.0045,7,2024
22,HIMACHAL PRADESH,52.82,0.0037,6898.38,0.0033,7,2024
23,CHANDIGARH,28.39,0.002,3700.09,0.0018,7,2024
24,GOA,25.66,0.0018,3695.04,0.0018,7,2024
25,ARUNACHAL PRADESH,15.73,0.0011,2182.02,0.0011,7,2024
26,PUDUCHERRY,15.23,0.0011,2149.67,0.001,7,2024
27,MEGHALAYA,11.17,0.0008,1574.17,0.0008,7,2024
28,TRIPURA,10.75,0.0007,1598.7,0.0008,7,2024
29,NAGALAND,10.11,0.0007,1738.49,0.0008,7,2024
30,MANIPUR,9.74,0.0007,2258.33,0.0011,7,2024
31,DADRA & NAGAR HAVELI & DAMAN & DIU,9.64,0.0007,1022.7,0.0005,7,2024
32,MIZORAM,7.21,0.0005,1298.71,0.0006,7,2024
33,SIKKIM,5.92,0.0004,855.82,0.0004,7,2024
34,LADAKH,3.88,0.0003,770.2,0.0004,7,2024
35,ANDAMAN & NICOBAR,2.99,0.0002,491.7,0.0002,7,2024
36,LAKSHADWEEP,0.35,0,39.56,0,7,2024
37,UNCLASSIFIED#,3235.23,0.2241,457185.99,0.2215,7,2024
1,MAHARASHTRA,1905.45,0.0979,230572.42,0.0919,4,2025
2,KARNATAKA,1067.74,0.0548,144605.61,0.0576,4,2025
3,UTTAR PRADESH,1031.94,0.053,131885.79,0.0526,4,2025
4,TELANGANA,791.46,0.0407,126739.73,0.0505,4,2025
5,TAMIL NADU,778.83,0.04,117090.44,0.0467,4,2025
6,ANDHRA PRADESH,535.33,0.0275,93508.25,0.0373,4,2025
7,RAJASTHAN,527.21,0.0271,76044.26,0.0303,4,2025
8,GUJARAT,501.34,0.0258,74010.9,0.0295,4,2025
9,DELHI,468.19,0.024,58845.62,0.0235,4,2025
10,WEST BENGAL,425.54,0.0219,62144.42,0.0248,4,2025
11,MADHYA PRADESH,420.83,0.0216,55546.05,0.0221,4,2025
12,BIHAR,405.54,0.0208,58775.41,0.0234,4,2025
13,HARYANA,397.29,0.0204,54916.93,0.0219,4,2025
14,KERALA,369.33,0.019,51875.51,0.0207,4,2025
15,ODISHA,263.74,0.0135,33890.22,0.0135,4,2025
16,PUNJAB,210.05,0.0108,34831.65,0.0139,4,2025
17,ASSAM,197.75,0.0102,21802.15,0.0087,4,2025
18,JHARKHAND,167.61,0.0086,21496.22,0.0086,4,2025
19,CHHATTISGARH,129.34,0.0066,16474.9,0.0066,4,2025
20,UTTARAKHAND,111.48,0.0057,13515.41,0.0054,4,2025
21,JAMMU AND KASHMIR,85.58,0.0044,10998.69,0.0044,4,2025
22,HIMACHAL PRADESH,56.85,0.0029,7153.07,0.0029,4,2025
23,GOA,30.59,0.0016,4347.72,0.0017,4,2025
24,CHANDIGARH,26.05,0.0013,3244.66,0.0013,4,2025
25,ARUNACHAL PRADESH,21.14,0.0011,2771.17,0.0011,4,2025
26,PUDUCHERRY,18.45,0.0009,2521.15,0.001,4,2025
27,MEGHALAYA,15.5,0.0008,2093.59,0.0008,4,2025
28,MANIPUR,14.39,0.0007,2877.94,0.0011,4,2025
29,TRIPURA,14.24,0.0007,1891.8,0.0008,4,2025
30,NAGALAND,11.8,0.0006,1754.04,0.0007,4,2025
31,MIZORAM,11.46,0.0006,1702.6,0.0007,4,2025
32,DADRA & NAGAR HAVELI & DAMAN & DIU,10.43,0.0005,1115.18,0.0004,4,2025
33,SIKKIM,8.19,0.0004,1044.52,0.0004,4,2025
34,LADAKH,4.68,0.0002,821.56,0.0003,4,2025
35,ANDAMAN & NICOBAR,3.69,0.0002,551.63,0.0002,4,2025
36,LAKSHADWEEP,0.54,0,53.09,0,4,2025
37,Unclassified#,8428.39,0.4329,984983.82,0.3927,4,2025
1,MAHARASHTRA,2225.55,0.1951,297168.32,0.1732,10,2023
2,KARNATAKA,957.72,0.0839,133243.89,0.0777,10,2023
3,TELANGANA,778.04,0.0682,132269.35,0.0771,10,2023
4,UTTAR PRADESH,752.99,0.066,107856.43,0.0629,10,2023
5,MADHYA PRADESH,588.01,0.0515,81040.7,0.0472,10,2023
6,TAMIL NADU,538.52,0.0472,87385.36,0.0509,10,2023
7,RAJASTHAN,461.98,0.0405,72771.58,0.0424,10,2023
8,DELHI,449.9,0.0394,60577.68,0.0353,10,2023
9,GUJARAT,364.34,0.0319,57809.55,0.0337,10,2023
10,ANDHRA PRADESH,361.83,0.0317,71941.95,0.0419,10,2023
11,BIHAR,343.88,0.0301,54202.12,0.0316,10,2023
12,WEST BENGAL,321.25,0.0282,54677.68,0.0319,10,2023
13,HARYANA,293.23,0.0257,44962.4,0.0262,10,2023
14,KERALA,254.32,0.0223,36657.16,0.0214,10,2023
15,ODISHA,243.43,0.0213,34574.49,0.0202,10,2023
16,PUNJAB,159.72,0.014,27543.17,0.0161,10,2023
17,ASSAM,120.12,0.0105,17712.04,0.0103,10,2023
18,JHARKHAND,118.93,0.0104,16946.85,0.0099,10,2023
19,CHHATTISGARH,101.78,0.0089,13782.56,0.008,10,2023
20,UTTARAKHAND,96.06,0.0084,13132.59,0.0077,10,2023
21,HIMACHAL PRADESH,41.56,0.0036,5717.15,0.0033,10,2023
22,JAMMU AND KASHMIR,39.88,0.0035,6198.21,0.0036,10,2023
23,GOA,24.06,0.0021,3467.39,0.002,10,2023
24,CHANDIGARH,23.01,0.002,3120.47,0.0018,10,2023
25,PUDUCHERRY,12.31,0.0011,1767.06,0.001,10,2023
26,ARUNACHAL PRADESH,9.81,0.0009,1604.37,0.0009,10,2023
27,TRIPURA,8.47,0.0007,1429.11,0.0008,10,2023
28,DADRA & NAGAR HAVELI & DAMAN & DIU,7.1,0.0006,787.39,0.0005,10,2023
29,NAGALAND,6.03,0.0005,1350.3,0.0008,10,2023
30,MEGHALAYA,5.93,0.0005,1063.95,0.0006,10,2023
31,MIZORAM,4.87,0.0004,1067.95,0.0006,10,2023
32,MANIPUR,4.09,0.0004,1333.58,0.0008,10,2023
33,SIKKIM,3.85,0.0003,697.17,0.0004,10,2023
34,ANDAMAN & NICOBAR,2.11,0.0002,396.87,0.0002,10,2023
35,LADAKH,2.02,0.0002,468.85,0.0003,10,2023
36,LAKSHADWEEP,0.17,0,30.13,0,10,2023
37,UNCLASSIFIED#,1681.93,0.1474,269012.53,0.1568,10,2023
1,MAHARASHTRA,1859.62,0.1975,258141.08,0.1733,5,2023
2,KARNATAKA,797.62,0.0847,118039.69,0.0793,5,2023
3,TELANGANA,716.76,0.0761,129532.28,0.087,5,2023
4,UTTAR PRADESH,612.76,0.0651,94729.13,0.0636,5,2023
5,TAMIL NADU,459.82,0.0488,78145.83,0.0525,5,2023
6,MADHYA PRADESH,397.53,0.0422,59740.76,0.0401,5,2023
7,DELHI,387.94,0.0412,55560.85,0.0373,5,2023
8,RAJASTHAN,382.58,0.0406,63055.85,0.0423,5,2023
9,ANDHRA PRADESH,300.2,0.0319,64986.38,0.0436,5,2023
10,GUJARAT,288.57,0.0306,47894.81,0.0322,5,2023
11,BIHAR,280.34,0.0298,51363.73,0.0345,5,2023
12,WEST BENGAL,263.52,0.028,48233.44,0.0324,5,2023
13,HARYANA,231.21,0.0246,36868.32,0.0248,5,2023
14,KERALA,219.5,0.0233,34118.36,0.0229,5,2023
15,ODISHA,198.14,0.021,30136.96,0.0202,5,2023
16,PUNJAB,129.87,0.0138,23478.73,0.0158,5,2023
17,JHARKHAND,93.45,0.0099,14415.31,0.0097,5,2023
18,ASSAM,90.18,0.0096,14937.13,0.01,5,2023
19,UTTARAKHAND,85.32,0.0091,11994.84,0.0081,5,2023
20,CHHATTISGARH,80.75,0.0086,11514.29,0.0077,5,2023
21,HIMACHAL PRADESH,38.5,0.0041,5312.81,0.0036,5,2023
22,JAMMU AND KASHMIR,32.13,0.0034,5046.91,0.0034,5,2023
23,GOA,19.87,0.0021,2965.09,0.002,5,2023
24,CHANDIGARH,18.42,0.002,2496.89,0.0017,5,2023
25,PUDUCHERRY,10.06,0.0011,1508.72,0.001,5,2023
26,ARUNACHAL PRADESH,7.22,0.0008,1332.48,0.0009,5,2023
27,TRIPURA,5.95,0.0006,1016.47,0.0007,5,2023
28,DADRA & NAGAR HAVELI & DAMAN & DIU,5.69,0.0006,664.54,0.0004,5,2023
29,MEGHALAYA,4.4,0.0005,839.74,0.0006,5,2023
30,NAGALAND,4.07,0.0004,1045.51,0.0007,5,2023
31,SIKKIM,3.79,0.0004,719.96,0.0005,5,2023
32,MIZORAM,3.75,0.0004,910.78,0.0006,5,2023
33,MANIPUR,2.7,0.0003,669.27,0.0004,5,2023
34,LADAKH,1.72,0.0002,412.84,0.0003,5,2023
35,ANDAMAN & NICOBAR,1.66,0.0002,336.3,0.0002,5,2023
36,LAKSHADWEEP,0.08,0,21.79,0,5,2023
37,UNCLASSIFIED#,1379.48,0.1465,216957.59,0.1457,5,2023
1,MAHARASHTRA,2034.12,0.2041,278351.31,0.1815,7,2023
2,KARNATAKA,870.28,0.0873,122630.19,0.08,7,2023
3,TELANGANA,720.58,0.0723,127885.79,0.0834,7,2023
4,UTTAR PRADESH,630.3,0.0633,90963.74,0.0593,7,2023
5,TAMIL NADU,494.19,0.0496,83009.09,0.0541,7,2023
6,MADHYA PRADESH,471.51,0.0473,66620.88,0.0434,7,2023
7,RAJASTHAN,405.86,0.0407,63069.1,0.0411,7,2023
8,DELHI,397.81,0.0399,54276.07,0.0354,7,2023
9,ANDHRA PRADESH,323.27,0.0324,67084.86,0.0437,7,2023
10,GUJARAT,302.19,0.0303,49555.82,0.0323,7,2023
11,WEST BENGAL,289.59,0.0291,50112.15,0.0327,7,2023
12,BIHAR,281.52,0.0283,46720.09,0.0305,7,2023
13,HARYANA,246.82,0.0248,37267.08,0.0243,7,2023
14,KERALA,224.03,0.0225,33854.52,0.0221,7,2023
15,ODISHA,208.06,0.0209,31154.66,0.0203,7,2023
16,PUNJAB,132.51,0.0133,23480.6,0.0153,7,2023
17,JHARKHAND,96.74,0.0097,14277.91,0.0093,7,2023
18,ASSAM,96.55,0.0097,14637.06,0.0095,7,2023
19,CHHATTISGARH,84.67,0.0085,11730.08,0.0076,7,2023
20,UTTARAKHAND,78.54,0.0079,10785.35,0.007,7,2023
21,HIMACHAL PRADESH,33.86,0.0034,4716.73,0.0031,7,2023
22,JAMMU AND KASHMIR,32.26,0.0032,5337.27,0.0035,7,2023
23,CHANDIGARH,18.75,0.0019,2592.68,0.0017,7,2023
24,GOA,18.42,0.0018,2746.69,0.0018,7,2023
25,PUDUCHERRY,11.1,0.0011,1653.48,0.0011,7,2023
26,ARUNACHAL PRADESH,8.14,0.0008,1373.51,0.0009,7,2023
27,TRIPURA,6.24,0.0006,1064.86,0.0007,7,2023
28,DADRA & NAGAR HAVELI & DAMAN & DIU,5.63,0.0006,677.01,0.0004,7,2023
29,NAGALAND,5.14,0.0005,1204.72,0.0008,7,2023
30,MEGHALAYA,5.11,0.0005,950.01,0.0006,7,2023
31,MIZORAM,4.03,0.0004,923.43,0.0006,7,2023
32,SIKKIM,3.81,0.0004,645.73,0.0004,7,2023
33,LADAKH,1.94,0.0002,483.88,0.0003,7,2023
34,ANDAMAN & NICOBAR,1.69,0.0002,318.73,0.0002,7,2023
35,MANIPUR,1.59,0.0002,475.02,0.0003,7,2023
36,LAKSHADWEEP,0.09,0,21.03,0,7,2023
37,UNCLASSIFIED#,1417.69,0.1423,230885.29,0.1506,7,2023
1,MAHARASHTRA,2179.81,0.1314,281102.94,0.1196,10,2024
2,KARNATAKA,1233.2,0.0744,170913.06,0.0727,10,2024
3,UTTAR PRADESH,1054.58,0.0636,143596.48,0.0611,10,2024
4,TELANGANA,958.36,0.0578,148396.28,0.0632,10,2024
5,TAMIL NADU,716.36,0.0432,112218.72,0.0478,10,2024
6,RAJASTHAN,670.95,0.0405,101450.43,0.0432,10,2024
7,ANDHRA PRADESH,590.87,0.0356,104286.56,0.0444,10,2024
8,MADHYA PRADESH,571.11,0.0344,76062.12,0.0324,10,2024
9,BIHAR,526.07,0.0317,75323.7,0.0321,10,2024
10,GUJARAT,523.09,0.0315,84525.81,0.036,10,2024
11,WEST BENGAL,478.37,0.0288,74530.28,0.0317,10,2024
12,DELHI,464.76,0.028,56868.8,0.0242,10,2024
13,HARYANA,371.79,0.0224,53130.4,0.0226,10,2024
14,ODISHA,356.17,0.0215,45861.83,0.0195,10,2024
15,KERALA,345.6,0.0208,46868.53,0.0199,10,2024
16,ASSAM,194.5,0.0117,23299.91,0.0099,10,2024
17,PUNJAB,191.35,0.0115,31784.38,0.0135,10,2024
18,JHARKHAND,188.38,0.0114,25349.09,0.0108,10,2024
19,CHHATTISGARH,157.99,0.0095,21085.47,0.009,10,2024
20,UTTARAKHAND,118.69,0.0072,15437.66,0.0066,10,2024
21,JAMMU AND KASHMIR,71.73,0.0043,10953,0.0047,10,2024
22,HIMACHAL PRADESH,56.14,0.0034,7815.12,0.0033,10,2024
23,GOA,31.08,0.0019,4357.6,0.0019,10,2024
24,CHANDIGARH,27.82,0.0017,3597.79,0.0015,10,2024
25,PUDUCHERRY,16.19,0.001,2271.73,0.001,10,2024
26,ARUNACHAL PRADESH,15.67,0.0009,2136.93,0.0009,10,2024
27,TRIPURA,11.68,0.0007,1721.97,0.0007,10,2024
28,DADRA & NAGAR HAVELI & DAMAN & DIU,11.26,0.0007,1182.64,0.0005,10,2024
29,MEGHALAYA,11.17,0.0007,1637.22,0.0007,10,2024
30,MANIPUR,10.71,0.0006,2472.36,0.0011,10,2024
31,NAGALAND,10.07,0.0006,1737.54,0.0007,10,2024
32,MIZORAM,8.29,0.0005,1434.5,0.0006,10,2024
33,SIKKIM,6.64,0.0004,1025.11,0.0004,10,2024
34,ANDAMAN & NICOBAR,3.36,0.0002,567.76,0.0002,10,2024
35,LADAKH,3.21,0.0002,680.84,0.0003,10,2024
36,LAKSHADWEEP,0.42,0,48.19,0,10,2024
37,UNCLASSIFIED#,4397.54,0.2652,614088.74,0.2613,10,2024
1,MAHARASHTRA,2146.3,0.1037,267656.87,0.0981,10,2025
2,UTTAR PRADESH,1136.16,0.0549,153595.1,0.0563,10,2025
3,KARNATAKA,1086.64,0.0525,150900.53,0.0553,10,2025
4,TELANGANA,836.27,0.0404,130835.09,0.048,10,2025
5,TAMIL NADU,812.02,0.0392,128292.11,0.047,10,2025
6,ANDHRA PRADESH,559.76,0.027,96804.61,0.0355,10,2025
7,RAJASTHAN,549.28,0.0265,84940.47,0.0311,10,2025
8,GUJARAT,534.08,0.0258,85444.71,0.0313,10,2025
9,DELHI,509.59,0.0246,67595.24,0.0248,10,2025
10,MADHYA PRADESH,451.87,0.0218,61257.18,0.0225,10,2025
11,BIHAR,450.63,0.0218,66192.56,0.0243,10,2025
12,WEST BENGAL,447.84,0.0216,65188.51,0.0239,10,2025
13,HARYANA,420.32,0.0203,62164.88,0.0228,10,2025
14,KERALA,418.45,0.0202,58242.07,0.0214,10,2025
15,ODISHA,283.56,0.0137,36507.19,0.0134,10,2025
16,PUNJAB,230.69,0.0111,40156.23,0.0147,10,2025
17,ASSAM,205.38,0.0099,22054.63,0.0081,10,2025
18,JHARKHAND,182.17,0.0088,24168.3,0.0089,10,2025
19,CHHATTISGARH,140.51,0.0068,18674.41,0.0068,10,2025
20,UTTARAKHAND,119.77,0.0058,15792.93,0.0058,10,2025
21,JAMMU AND KASHMIR,87.23,0.0042,12529.98,0.0046,10,2025
22,HIMACHAL PRADESH,61.96,0.003,8658.35,0.0032,10,2025
23,GOA,35.89,0.0017,5282.52,0.0019,10,2025
24,CHANDIGARH,27.9,0.0013,3639.56,0.0013,10,2025
25,ARUNACHAL PRADESH,21.57,0.001,2796.38,0.001,10,2025
26,PUDUCHERRY,19.35,0.0009,2750.37,0.001,10,2025
27,MEGHALAYA,16.36,0.0008,2185.06,0.0008,10,2025
28,MANIPUR,16.17,0.0008,3286.9,0.0012,10,2025
29,TRIPURA,15.1,0.0007,1955.12,0.0007,10,2025
30,MIZORAM,13.7,0.0007,1971.75,0.0007,10,2025
31,NAGALAND,12.84,0.0006,1907.98,0.0007,10,2025
32,DADRA & NAGAR HAVELI & DAMAN & DIU,11.45,0.0006,1285.07,0.0005,10,2025
33,SIKKIM,7.59,0.0004,1014.3,0.0004,10,2025
34,ANDAMAN & NICOBAR,4.11,0.0002,658.62,0.0002,10,2025
35,LADAKH,3,0.0001,663.27,0.0002,10,2025
36,LAKSHADWEEP,0.6,0,64.14,0,10,2025
37,Unclassified #,8824.81,0.4263,1040677.73,0.3815,10,2025
1,MAHARASHTRA,2463.88,0.1319,297260.99,0.1182,5,2025
2,KARNATAKA,1443.05,0.0773,200378.42,0.0797,5,2025
3,UTTAR PRADESH,1401.43,0.075,182118.99,0.0724,5,2025
4,TELANGANA,1088.58,0.0583,174971.59,0.0696,5,2025
5,TAMIL NADU,859.85,0.046,130583.67,0.0519,5,2025
6,RAJASTHAN,763.44,0.0409,112439.7,0.0447,5,2025
7,MADHYA PRADESH,688.25,0.0368,92795.08,0.0369,5,2025
8,ANDHRA PRADESH,681.45,0.0365,119081.99,0.0474,5,2025
9,BIHAR,677.1,0.0363,98286.45,0.0391,5,2025
10,DELHI,605.31,0.0324,72520.26,0.0288,5,2025
11,GUJARAT,585.79,0.0314,85134.34,0.0339,5,2025
12,WEST BENGAL,579.06,0.031,87037.14,0.0346,5,2025
13,HARYANA,462.67,0.0248,65952.89,0.0262,5,2025
14,ODISHA,416.5,0.0223,52003.42,0.0207,5,2025
15,KERALA,397.08,0.0213,56646.28,0.0225,5,2025
16,ASSAM,251.67,0.0135,28542.68,0.0114,5,2025
17,JHARKHAND,229.1,0.0123,30563.83,0.0122,5,2025
18,PUNJAB,224.47,0.012,38466.52,0.0153,5,2025
19,CHHATTISGARH,170.88,0.0091,21544.12,0.0086,5,2025
20,UTTARAKHAND,141.43,0.0076,17646.59,0.007,5,2025
21,JAMMU AND KASHMIR,94.39,0.0051,11815.9,0.0047,5,2025
22,HIMACHAL PRADESH,68.39,0.0037,8430.37,0.0034,5,2025
23,GOA,40.1,0.0021,5659.28,0.0023,5,2025
24,CHANDIGARH,32.69,0.0018,4158.48,0.0017,5,2025
25,ARUNACHAL PRADESH,21.01,0.0011,2768.13,0.0011,5,2025
26,PUDUCHERRY,18.93,0.001,2644.69,0.0011,5,2025
27,MEGHALAYA,16.86,0.0009,2289.9,0.0009,5,2025
28,MANIPUR,15.37,0.0008,3092.24,0.0012,5,2025
29,TRIPURA,14.82,0.0008,1968.89,0.0008,5,2025
30,NAGALAND,12.5,0.0007,1943.79,0.0008,5,2025
31,DADRA & NAGAR HAVELI & DAMAN & DIU,12.48,0.0007,1306.18,0.0005,5,2025
32,MIZORAM,10.92,0.0006,1750.44,0.0007,5,2025
33,SIKKIM,9.76,0.0005,1358.66,0.0005,5,2025
34,LADAKH,4.33,0.0002,724.92,0.0003,5,2025
35,ANDAMAN & NICOBAR,3.95,0.0002,630.83,0.0003,5,2025
36,LAKSHADWEEP,0.52,0,59.61,0,5,2025
37,Unclassified#,4169.47,0.2231,499719.76,0.1986,5,2025
1,MAHARASHTRA,1857.65,0.1324,253405.96,0.1239,5,2024
2,KARNATAKA,1155.25,0.0823,162894.87,0.0797,5,2024
3,UTTAR PRADESH,1064.6,0.0758,141188.23,0.069,5,2024
4,TELANGANA,870.16,0.062,141990.78,0.0694,5,2024
5,TAMIL NADU,671.77,0.0479,107752.55,0.0527,5,2024
6,RAJASTHAN,630.93,0.045,94794.85,0.0464,5,2024
7,MADHYA PRADESH,600.07,0.0428,80623.19,0.0394,5,2024
8,ANDHRA PRADESH,526.34,0.0375,98342.9,0.0481,5,2024
9,DELHI,500.74,0.0357,59874.83,0.0293,5,2024
10,BIHAR,495.22,0.0353,75277.17,0.0368,5,2024
11,GUJARAT,457.4,0.0326,70407.04,0.0344,5,2024
12,WEST BENGAL,404.75,0.0288,66216.65,0.0324,5,2024
13,HARYANA,378.41,0.027,54556.73,0.0267,5,2024
14,KERALA,323.84,0.0231,47360.2,0.0232,5,2024
15,ODISHA,311.37,0.0222,42185,0.0206,5,2024
16,PUNJAB,203.58,0.0145,34023.49,0.0166,5,2024
17,ASSAM,185.21,0.0132,23768.3,0.0116,5,2024
18,JHARKHAND,163.73,0.0117,22163.69,0.0108,5,2024
19,CHHATTISGARH,138.69,0.0099,18325.33,0.009,5,2024
20,UTTARAKHAND,114.22,0.0081,14717.76,0.0072,5,2024
21,JAMMU AND KASHMIR,67.16,0.0048,9133.63,0.0045,5,2024
22,HIMACHAL PRADESH,61.56,0.0044,7654.18,0.0037,5,2024
23,CHANDIGARH,30.06,0.0021,3817.52,0.0019,5,2024
24,GOA,29.77,0.0021,4238.4,0.0021,5,2024
25,ARUNACHAL PRADESH,15.39,0.0011,2353.22,0.0012,5,2024
26,PUDUCHERRY,15.09,0.0011,2147.5,0.0011,5,2024
27,TRIPURA,10.98,0.0008,1615.12,0.0008,5,2024
28,MEGHALAYA,10.73,0.0008,1563.37,0.0008,5,2024
29,DADRA & NAGAR HAVELI & DAMAN & DIU,10.13,0.0007,1049.42,0.0005,5,2024
30,NAGALAND,9.68,0.0007,1838.71,0.0009,5,2024
31,MANIPUR,8.71,0.0006,2161.9,0.0011,5,2024
32,MIZORAM,7.11,0.0005,1378.69,0.0007,5,2024
33,SIKKIM,6.38,0.0005,1051.32,0.0005,5,2024
34,LADAKH,3.36,0.0002,653.08,0.0003,5,2024
35,ANDAMAN & NICOBAR,3.01,0.0002,544.81,0.0003,5,2024
36,LAKSHADWEEP,0.37,0,48.44,0,5,2024
37,UNCLASSIFIED#,2692.43,0.1918,393818.21,0.1926,5,2024
1,MAHARASHTRA,2126.33,0.1251,252411,0.1075,1,2025
2,KARNATAKA,1133.57,0.0667,155521,0.0662,1,2025
3,UTTAR PRADESH,952.1,0.056,133054,0.0567,1,2025
4,TELANGANA,800.24,0.0471,128255,0.0546,1,2025
5,TAMIL NADU,715.49,0.0421,108619,0.0463,1,2025
6,ANDHRA PRADESH,551.81,0.0325,98020,0.0417,1,2025
7,RAJASTHAN,543.59,0.032,85277,0.0363,1,2025
8,GUJARAT,482.44,0.0284,75270.23,0.0321,1,2025
9,MADHYA PRADESH,476.41,0.028,65025.01,0.0277,1,2025
10,WEST BENGAL,427.1,0.0251,67764,0.0289,1,2025
11,BIHAR,415.4,0.0244,63434.86,0.027,1,2025
12,DELHI,410.65,0.0242,52720,0.0225,1,2025
13,KERALA,373.18,0.022,51570,0.022,1,2025
14,HARYANA,339.78,0.02,50647,0.0216,1,2025
15,ODISHA,302.73,0.0178,41451,0.0177,1,2025
16,ASSAM,187.71,0.011,23159.08,0.0099,1,2025
17,PUNJAB,185.78,0.0109,33047.11,0.0141,1,2025
18,JHARKHAND,165.9,0.0098,22976,0.0098,1,2025
19,CHHATTISGARH,134.18,0.0079,18521.36,0.0079,1,2025
20,UTTARAKHAND,99.47,0.0059,12991.82,0.0055,1,2025
21,JAMMU AND KASHMIR,68.04,0.004,9399.84,0.004,1,2025
22,HIMACHAL PRADESH,52.98,0.0031,7024.65,0.003,1,2025
23,GOA,35.15,0.0021,5030,0.0021,1,2025
24,CHANDIGARH,24.3,0.0014,3114,0.0013,1,2025
25,ARUNACHAL PRADESH,16.97,0.001,2371.65,0.001,1,2025
26,PUDUCHERRY,16.83,0.001,2360.06,0.001,1,2025
27,TRIPURA,12.56,0.0007,1860.53,0.0008,1,2025
28,MANIPUR,11.37,0.0007,2648.55,0.0011,1,2025
29,MEGHALAYA,10.99,0.0006,1672.86,0.0007,1,2025
30,DADRA & NAGAR HAVELI & DAMAN & DIU,10.77,0.0006,1116.37,0.0005,1,2025
31,NAGALAND,9.03,0.0005,1636.33,0.0007,1,2025
32,MIZORAM,8.72,0.0005,1467.61,0.0006,1,2025
33,SIKKIM,6.6,0.0004,958.74,0.0004,1,2025
34,ANDAMAN & NICOBAR,3.73,0.0002,629.14,0.0003,1,2025
35,LADAKH,2.4,0.0001,443.79,0.0002,1,2025
36,LAKSHADWEEP,0.54,0,62.42,0,1,2025
37,UNCLASSIFIED#,5881.16,0.346,766506.14,0.3264,1,2025
1,MAHARASHTRA,1729.3,0.1417,230102.34,0.125,1,2024
2,KARNATAKA,987.74,0.0809,136780.78,0.0743,1,2024
3,UTTAR PRADESH,821.19,0.0673,118540.28,0.0644,1,2024
4,TELANGANA,736.18,0.0603,123049.67,0.0668,1,2024
5,TAMIL NADU,551.15,0.0452,88612.57,0.0481,1,2024
6,RAJASTHAN,506.55,0.0415,81026.02,0.044,1,2024
7,ANDHRA PRADESH,465.48,0.0381,90296.94,0.049,1,2024
8,MADHYA PRADESH,451.9,0.037,62297.59,0.0338,1,2024
9,DELHI,393.65,0.0323,53572.83,0.0291,1,2024
10,GUJARAT,376.73,0.0309,62424.28,0.0339,1,2024
11,BIHAR,359.24,0.0294,57546.14,0.0313,1,2024
12,WEST BENGAL,334,0.0274,57876.9,0.0314,1,2024
13,HARYANA,302.68,0.0248,46875.26,0.0255,1,2024
14,KERALA,282,0.0231,40654.71,0.0221,1,2024
15,ODISHA,259.26,0.0212,37962.41,0.0206,1,2024
16,PUNJAB,154.33,0.0126,28653.41,0.0156,1,2024
17,JHARKHAND,137.14,0.0112,19328.2,0.0105,1,2024
18,ASSAM,130.05,0.0107,19230.38,0.0104,1,2024
19,CHHATTISGARH,112.52,0.0092,15870.58,0.0086,1,2024
20,UTTARAKHAND,85.68,0.007,11783.03,0.0064,1,2024
21,JAMMU AND KASHMIR,43.49,0.0036,6368.15,0.0035,1,2024
22,HIMACHAL PRADESH,41.92,0.0034,5787.9,0.0031,1,2024
23,GOA,29.59,0.0024,4317.69,0.0023,1,2024
24,CHANDIGARH,20.64,0.0017,2843.49,0.0015,1,2024
25,PUDUCHERRY,13.25,0.0011,1889.21,0.001,1,2024
26,ARUNACHAL PRADESH,11.25,0.0009,1838.79,0.001,1,2024
27,TRIPURA,8.93,0.0007,1475.69,0.0008,1,2024
28,DADRA & NAGAR HAVELI & DAMAN & DIU,8.7,0.0007,952.91,0.0005,1,2024
29,MEGHALAYA,6.53,0.0005,1178.38,0.0006,1,2024
30,MANIPUR,6.47,0.0005,1730.66,0.0009,1,2024
31,NAGALAND,5.33,0.0004,1259.1,0.0007,1,2024
32,MIZORAM,5.23,0.0004,1092.04,0.0006,1,2024
33,SIKKIM,4.58,0.0004,786.07,0.0004,1,2024
34,ANDAMAN & NICOBAR,2.65,0.0002,493.51,0.0003,1,2024
35,LADAKH,1.73,0.0001,345.77,0.0002,1,2024
36,LAKSHADWEEP,0.28,0,41.42,0,1,2024
37,UNCLASSIFIED#,2815.68,0.2307,426198.87,0.2315,1,2024
1,MAHARASHTRA,2231,0.1334,273245.11,0.1175,12,2024
2,KARNATAKA,1294.78,0.0774,175534.51,0.0755,12,2024
3,UTTAR PRADESH,1105.66,0.0661,152791.39,0.0657,12,2024
4,TELANGANA,993.83,0.0594,159350.81,0.0685,12,2024
5,TAMIL NADU,746.07,0.0446,111759.26,0.0481,12,2024
6,RAJASTHAN,668.56,0.04,102952.49,0.0443,12,2024
7,ANDHRA PRADESH,638.46,0.0382,109740.45,0.0472,12,2024
8,MADHYA PRADESH,576.28,0.0344,76689.59,0.033,12,2024
9,BIHAR,542.86,0.0324,81316.39,0.035,12,2024
10,GUJARAT,513.73,0.0307,80180.1,0.0345,12,2024
11,WEST BENGAL,501.77,0.03,79252.88,0.0341,12,2024
12,DELHI,487.57,0.0291,60484.71,0.026,12,2024
13,ODISHA,375.25,0.0224,47492.3,0.0204,12,2024
14,HARYANA,372.39,0.0223,54975.91,0.0236,12,2024
15,KERALA,369.76,0.0221,50206.18,0.0216,12,2024
16,ASSAM,217,0.013,26381.26,0.0113,12,2024
17,PUNJAB,193.15,0.0115,34024.27,0.0146,12,2024
18,JHARKHAND,191.78,0.0115,26267.62,0.0113,12,2024
19,CHHATTISGARH,154.78,0.0093,20357.81,0.0088,12,2024
20,UTTARAKHAND,114.11,0.0068,14712.65,0.0063,12,2024
21,JAMMU AND KASHMIR,74.38,0.0044,10532.87,0.0045,12,2024
22,HIMACHAL PRADESH,57.01,0.0034,7459.08,0.0032,12,2024
23,GOA,38.15,0.0023,5427.06,0.0023,12,2024
24,CHANDIGARH,27.53,0.0016,3623.79,0.0016,12,2024
25,ARUNACHAL PRADESH,17.76,0.0011,2488.91,0.0011,12,2024
26,PUDUCHERRY,16.13,0.001,2217.22,0.001,12,2024
27,MEGHALAYA,14.09,0.0008,2184.57,0.0009,12,2024
28,TRIPURA,12.49,0.0007,1886.49,0.0008,12,2024
29,DADRA & NAGAR HAVELI & DAMAN & DIU,11.07,0.0007,1132.38,0.0005,12,2024
30,NAGALAND,10.99,0.0007,2024.3,0.0009,12,2024
31,MANIPUR,9.68,0.0006,2442.36,0.0011,12,2024
32,MIZORAM,9.49,0.0006,1711.09,0.0007,12,2024
33,SIKKIM,7.47,0.0004,1115.33,0.0005,12,2024
34,ANDAMAN & NICOBAR,3.8,0.0002,634.86,0.0003,12,2024
35,LADAKH,2.68,0.0002,517.94,0.0002,12,2024
36,LAKSHADWEEP,0.5,0,55.51,0,12,2024
37,UNCLASSIFIED#,4128.03,0.2467,541530.44,0.2329,12,2024
1,MAHARASHTRA,1892.66,0.1175,219913.73,0.1001,2,2025
2,KARNATAKA,974.07,0.0605,132442.52,0.0603,2,2025
3,UTTAR PRADESH,852.17,0.0529,122496.48,0.0558,2,2025
4,TELANGANA,703.4,0.0437,111063.09,0.0506,2,2025
5,TAMIL NADU,651.15,0.0404,99837.67,0.0455,2,2025
6,ANDHRA PRADESH,463.16,0.0288,81827.59,0.0373,2,2025
7,RAJASTHAN,460.58,0.0286,71687.84,0.0326,2,2025
8,GUJARAT,416.26,0.0258,62967.52,0.0287,2,2025
9,MADHYA PRADESH,389.67,0.0242,53550.1,0.0244,2,2025
10,WEST BENGAL,361.07,0.0224,56774.96,0.0258,2,2025
11,DELHI,359.92,0.0223,46373.85,0.0211,2,2025
12,BIHAR,357.22,0.0222,56338.15,0.0256,2,2025
13,KERALA,329.57,0.0205,45039.43,0.0205,2,2025
14,HARYANA,302.23,0.0188,44342.88,0.0202,2,2025
15,ODISHA,249.75,0.0155,34812.97,0.0158,2,2025
16,PUNJAB,166.68,0.0103,29146.47,0.0133,2,2025
17,ASSAM,161.35,0.01,20021.98,0.0091,2,2025
18,JHARKHAND,142.33,0.0088,19879.81,0.0091,2,2025
19,CHHATTISGARH,111.86,0.0069,15520.81,0.0071,2,2025
20,UTTARAKHAND,89.78,0.0056,11561.18,0.0053,2,2025
21,JAMMU AND KASHMIR,60.94,0.0038,8287.11,0.0038,2,2025
22,HIMACHAL PRADESH,46.84,0.0029,5949.44,0.0027,2,2025
23,GOA,29.53,0.0018,4063.02,0.0018,2,2025
24,CHANDIGARH,21.37,0.0013,2680.5,0.0012,2,2025
25,ARUNACHAL PRADESH,15.28,0.0009,2142.1,0.001,2,2025
26,PUDUCHERRY,15.15,0.0009,2116.13,0.001,2,2025
27,TRIPURA,11.48,0.0007,1676.35,0.0008,2,2025
28,MEGHALAYA,10.88,0.0007,1615.02,0.0007,2,2025
29,MANIPUR,10.19,0.0006,2353.44,0.0011,2,2025
30,DADRA & NAGAR HAVELI & DAMAN & DIU,9.32,0.0006,967.59,0.0004,2,2025
31,MIZORAM,8.6,0.0005,1449.75,0.0007,2,2025
32,NAGALAND,8.57,0.0005,1502.04,0.0007,2,2025
33,SIKKIM,6.31,0.0004,861.53,0.0004,2,2025
34,ANDAMAN & NICOBAR,3.23,0.0002,533.96,0.0002,2,2025
35,LADAKH,2.16,0.0001,374.76,0.0002,2,2025
36,LAKSHADWEEP,0.48,0,55.1,0,2,2025
37,UNCLASSIFIED#,6410.98,0.398,824254.84,0.3753,2,2025
1,MAHARASHTRA,1738.47,0.1436,231170.06,0.1265,2,2024
2,KARNATAKA,1038.59,0.0858,144752.39,0.0792,2,2024
3,UTTAR PRADESH,877.83,0.0725,130330.17,0.0713,2,2024
4,TELANGANA,799.49,0.0661,131906.83,0.0722,2,2024
5,TAMIL NADU,592.63,0.049,95903.84,0.0525,2,2024
6,RAJASTHAN,540.32,0.0446,86997.16,0.0476,2,2024
7,MADHYA PRADESH,493.37,0.0408,68550.32,0.0375,2,2024
8,ANDHRA PRADESH,462.35,0.0382,88395.93,0.0484,2,2024
9,DELHI,423.75,0.035,57779.48,0.0316,2,2024
10,BIHAR,400.48,0.0331,65518.15,0.0358,2,2024
11,GUJARAT,392.48,0.0324,65150.33,0.0356,2,2024
12,WEST BENGAL,354.85,0.0293,61540.67,0.0337,2,2024
13,HARYANA,298.65,0.0247,46490.93,0.0254,2,2024
14,KERALA,287.59,0.0238,40495.11,0.0222,2,2024
15,ODISHA,277.08,0.0229,40959.41,0.0224,2,2024
16,PUNJAB,160.29,0.0132,28920.21,0.0158,2,2024
17,ASSAM,149.14,0.0123,21725.42,0.0119,2,2024
18,JHARKHAND,141.46,0.0117,20410.18,0.0112,2,2024
19,CHHATTISGARH,115.6,0.0096,16359.98,0.009,2,2024
20,UTTARAKHAND,84.78,0.007,11651.77,0.0064,2,2024
21,JAMMU AND KASHMIR,45.24,0.0037,6584.35,0.0036,2,2024
22,HIMACHAL PRADESH,42.98,0.0036,5847.83,0.0032,2,2024
23,GOA,29.94,0.0025,4282.86,0.0023,2,2024
24,CHANDIGARH,22.07,0.0018,3029.82,0.0017,2,2024
25,PUDUCHERRY,13.58,0.0011,1962.33,0.0011,2,2024
26,ARUNACHAL PRADESH,11.96,0.001,1942.21,0.0011,2,2024
27,TRIPURA,10.15,0.0008,1676.39,0.0009,2,2024
28,DADRA & NAGAR HAVELI & DAMAN & DIU,8.57,0.0007,961.27,0.0005,2,2024
29,MEGHALAYA,7.73,0.0006,1350.39,0.0007,2,2024
30,MANIPUR,6.41,0.0005,1756.54,0.001,2,2024
31,NAGALAND,6.17,0.0005,1402.9,0.0008,2,2024
32,MIZORAM,5.98,0.0005,1229.93,0.0007,2,2024
33,SIKKIM,4.82,0.0004,795.78,0.0004,2,2024
34,ANDAMAN & NICOBAR,2.63,0.0002,488.59,0.0003,2,2024
35,LADAKH,1.68,0.0001,339.04,0.0002,2,2024
36,LAKSHADWEEP,0.29,0,40.12,0,2,2024
37,UNCLASSIFIED#,2253.26,0.1862,339170.69,0.1856,2,2024
1,MAHARASHTRA,1958.64,0.2098,274244.34,0.1859,6,2023
2,KARNATAKA,812.5,0.087,116958.14,0.0793,6,2023
3,TELANGANA,710.27,0.0761,129049.85,0.0875,6,2023
4,UTTAR PRADESH,596.11,0.0639,90290.44,0.0612,6,2023
5,TAMIL NADU,458.92,0.0492,79245.18,0.0537,6,2023
6,MADHYA PRADESH,427.33,0.0458,63711.04,0.0432,6,2023
7,DELHI,386.86,0.0414,54882.65,0.0372,6,2023
8,RAJASTHAN,337.69,0.0362,55593.65,0.0377,6,2023
9,ANDHRA PRADESH,295.26,0.0316,62976.99,0.0427,6,2023
10,GUJARAT,277.76,0.0298,46487.59,0.0315,6,2023
11,WEST BENGAL,273.83,0.0293,49603.55,0.0336,6,2023
12,BIHAR,262.96,0.0282,48095.78,0.0326,6,2023
13,HARYANA,226.29,0.0242,35090.23,0.0238,6,2023
14,KERALA,215.06,0.023,32879.15,0.0223,6,2023
15,ODISHA,197.7,0.0212,30051.56,0.0204,6,2023
16,PUNJAB,124.17,0.0133,22242.08,0.0151,6,2023
17,ASSAM,89.22,0.0096,14075.95,0.0095,6,2023
18,JHARKHAND,88.77,0.0095,13802.1,0.0094,6,2023
19,UTTARAKHAND,79.35,0.0085,11384.06,0.0077,6,2023
20,CHHATTISGARH,73.13,0.0078,10536.22,0.0071,6,2023
21,HIMACHAL PRADESH,37.47,0.004,5510.42,0.0037,6,2023
22,JAMMU AND KASHMIR,30.84,0.0033,5058.35,0.0034,6,2023
23,GOA,18.53,0.002,2779.41,0.0019,6,2023
24,CHANDIGARH,17.6,0.0019,2430.14,0.0016,6,2023
25,PUDUCHERRY,10.24,0.0011,1551.66,0.0011,6,2023
26,ARUNACHAL PRADESH,7.69,0.0008,1376.41,0.0009,6,2023
27,TRIPURA,5.62,0.0006,980.89,0.0007,6,2023
28,DADRA & NAGAR HAVELI & DAMAN & DIU,5.35,0.0006,651.41,0.0004,6,2023
29,NAGALAND,5.03,0.0005,1176.33,0.0008,6,2023
30,MEGHALAYA,4.22,0.0005,811.42,0.0005,6,2023
31,SIKKIM,3.91,0.0004,718.62,0.0005,6,2023
32,MIZORAM,3.74,0.0004,905.89,0.0006,6,2023
33,MANIPUR,1.9,0.0002,497.29,0.0003,6,2023
34,LADAKH,1.81,0.0002,454.94,0.0003,6,2023
35,ANDAMAN & NICOBAR,1.56,0.0002,305.91,0.0002,6,2023
36,LAKSHADWEEP,0.08,0,20.5,0,6,2023
37,UNCLASSIFIED#,1287.64,0.1379,209034.13,0.1417,6,2023
1,MAHARASHTRA,1921.65,0.1278,236569.03,0.1146,9,2024
2,KARNATAKA,1177.67,0.0783,160384.81,0.0777,9,2024
3,UTTAR PRADESH,934.8,0.0621,120545.17,0.0584,9,2024
4,TELANGANA,903.59,0.0601,138868.45,0.0673,9,2024
5,TAMIL NADU,677.22,0.045,104511.95,0.0506,9,2024
6,RAJASTHAN,611.85,0.0407,86708.82,0.042,9,2024
7,ANDHRA PRADESH,542.1,0.036,94580.08,0.0458,9,2024
8,MADHYA PRADESH,530.34,0.0353,67023.14,0.0325,9,2024
9,BIHAR,464.06,0.0309,65536.16,0.0318,9,2024
10,GUJARAT,451.88,0.03,68576.37,0.0332,9,2024
11,WEST BENGAL,433.3,0.0288,68329.39,0.0331,9,2024
12,DELHI,421.2,0.028,50173.14,0.0243,9,2024
13,HARYANA,338.58,0.0225,46386.4,0.0225,9,2024
14,ODISHA,330.33,0.022,40771.74,0.0198,9,2024
15,KERALA,328.85,0.0219,45855.58,0.0222,9,2024
16,ASSAM,178.99,0.0119,21297.03,0.0103,9,2024
17,PUNJAB,175.3,0.0117,27746.05,0.0134,9,2024
18,JHARKHAND,157.39,0.0105,20697.4,0.01,9,2024
19,CHHATTISGARH,139.4,0.0093,17367.52,0.0084,9,2024
20,UTTARAKHAND,96.9,0.0064,11894.78,0.0058,9,2024
21,JAMMU AND KASHMIR,65.19,0.0043,9238.54,0.0045,9,2024
22,HIMACHAL PRADESH,49.18,0.0033,6379.72,0.0031,9,2024
23,GOA,27.3,0.0018,3820.31,0.0019,9,2024
24,CHANDIGARH,26.39,0.0018,3242.29,0.0016,9,2024
25,ARUNACHAL PRADESH,14.94,0.001,1961.17,0.001,9,2024
26,PUDUCHERRY,14.88,0.001,2074.71,0.001,9,2024
27,TRIPURA,10.68,0.0007,1580.23,0.0008,9,2024
28,MEGHALAYA,10.49,0.0007,1520.91,0.0007,9,2024
29,DADRA & NAGAR HAVELI & DAMAN & DIU,9.91,0.0007,998.03,0.0005,9,2024
30,MANIPUR,8.17,0.0005,1910.52,0.0009,9,2024
31,NAGALAND,8.16,0.0005,1468.38,0.0007,9,2024
32,MIZORAM,7.35,0.0005,1279.85,0.0006,9,2024
33,SIKKIM,6.08,0.0004,864.13,0.0004,9,2024
34,LADAKH,3.34,0.0002,668.7,0.0003,9,2024
35,ANDAMAN & NICOBAR,3.03,0.0002,490.42,0.0002,9,2024
36,LAKSHADWEEP,0.36,0,41.72,0,9,2024
37,UNCLASSIFIED#,3960.88,0.2633,532632.08,0.2581,9,2024
1,MAHARASHTRA,1973.44,0.1005,236052.07,0.0948,9,2025
2,KARNATAKA,1060.37,0.054,143932.39,0.0578,9,2025
3,UTTAR PRADESH,1036.09,0.0528,132034.73,0.053,9,2025
4,TELANGANA,795.5,0.0405,123214.19,0.0495,9,2025
5,TAMIL NADU,780.35,0.0397,118940.73,0.0478,9,2025
6,ANDHRA PRADESH,537.17,0.0274,90881.68,0.0365,9,2025
7,RAJASTHAN,519.12,0.0264,73664.21,0.0296,9,2025
8,GUJARAT,515.11,0.0262,75403.93,0.0303,9,2025
9,DELHI,491.29,0.025,61354.33,0.0246,9,2025
10,WEST BENGAL,446.23,0.0227,66198.25,0.0266,9,2025
11,MADHYA PRADESH,420.54,0.0214,54092.94,0.0217,9,2025
12,HARYANA,402.1,0.0205,55079.83,0.0221,9,2025
13,BIHAR,396.78,0.0202,57313.62,0.023,9,2025
14,KERALA,396.26,0.0202,55742,0.0224,9,2025
15,ODISHA,269.19,0.0137,34741.86,0.014,9,2025
16,PUNJAB,212.73,0.0108,34593.51,0.0139,9,2025
17,ASSAM,198.7,0.0101,21541.07,0.0087,9,2025
18,JHARKHAND,169.52,0.0086,22201.63,0.0089,9,2025
19,CHHATTISGARH,130.25,0.0066,16200.81,0.0065,9,2025
20,UTTARAKHAND,108.04,0.0055,13117.86,0.0053,9,2025
21,JAMMU AND KASHMIR,78,0.004,10480.68,0.0042,9,2025
22,HIMACHAL PRADESH,53.1,0.0027,6899.72,0.0028,9,2025
23,GOA,32.28,0.0016,4603,0.0018,9,2025
24,CHANDIGARH,26.78,0.0014,3269.59,0.0013,9,2025
25,ARUNACHAL PRADESH,21.02,0.0011,2672.74,0.0011,9,2025
26,PUDUCHERRY,18.13,0.0009,2512.47,0.001,9,2025
27,TRIPURA,15.6,0.0008,2140.32,0.0009,9,2025
28,MEGHALAYA,15.56,0.0008,2043.82,0.0008,9,2025
29,MANIPUR,14.71,0.0007,2876.08,0.0012,9,2025
30,MIZORAM,12.4,0.0006,1801.33,0.0007,9,2025
31,NAGALAND,12.21,0.0006,1786.09,0.0007,9,2025
32,DADRA & NAGAR HAVELI & DAMAN & DIU,10.35,0.0005,1114.65,0.0004,9,2025
33,SIKKIM,8.51,0.0004,1132.35,0.0005,9,2025
34,LADAKH,3.76,0.0002,681.25,0.0003,9,2025
35,ANDAMAN & NICOBAR,3.67,0.0002,561.59,0.0002,9,2025
36,LAKSHADWEEP,0.55,0,57.82,0,9,2025
37,Unclassified #,8448.02,0.4303,958801.4,0.3851,9,2025
1,MAHARASHTRA,1884.85,0.126,236602.01,0.1148,8,2024
2,KARNATAKA,1182.92,0.0791,160368.38,0.0778,8,2024
3,UTTAR PRADESH,931.98,0.0623,121507.51,0.059,8,2024
4,TELANGANA,918.97,0.0614,144389.06,0.0701,8,2024
5,TAMIL NADU,677.8,0.0453,105507.85,0.0512,8,2024
6,RAJASTHAN,597.32,0.0399,84947.05,0.0412,8,2024
7,MADHYA PRADESH,558.88,0.0374,70795.32,0.0344,8,2024
8,ANDHRA PRADESH,555.05,0.0371,99099.85,0.0481,8,2024
9,BIHAR,466.15,0.0312,65935.33,0.032,8,2024
10,GUJARAT,435.29,0.0291,65381.35,0.0317,8,2024
11,WEST BENGAL,419.64,0.028,65053.05,0.0316,8,2024
12,DELHI,400.67,0.0268,49497.98,0.024,8,2024
13,HARYANA,328.91,0.022,46509.17,0.0226,8,2024
14,KERALA,328.82,0.022,45879.13,0.0223,8,2024
15,ODISHA,318.71,0.0213,39936.62,0.0194,8,2024
16,ASSAM,179.44,0.012,21310.73,0.0103,8,2024
17,PUNJAB,175.29,0.0117,28217.51,0.0137,8,2024
18,JHARKHAND,158.2,0.0106,20378.75,0.0099,8,2024
19,CHHATTISGARH,133.83,0.0089,16912.86,0.0082,8,2024
20,UTTARAKHAND,94.7,0.0063,11817.2,0.0057,8,2024
21,JAMMU AND KASHMIR,63.18,0.0042,8803.92,0.0043,8,2024
22,HIMACHAL PRADESH,48.66,0.0033,6252.15,0.003,8,2024
23,GOA,27.16,0.0018,3783.78,0.0018,8,2024
24,CHANDIGARH,26.22,0.0018,3306.96,0.0016,8,2024
25,PUDUCHERRY,15.12,0.001,2135.31,0.001,8,2024
26,ARUNACHAL PRADESH,14.91,0.001,2052.75,0.001,8,2024
27,MEGHALAYA,9.89,0.0007,1454.13,0.0007,8,2024
28,TRIPURA,9.87,0.0007,1417.55,0.0007,8,2024
29,MANIPUR,9.73,0.0006,2194.45,0.0011,8,2024
30,DADRA & NAGAR HAVELI & DAMAN & DIU,9.72,0.0006,992.73,0.0005,8,2024
31,NAGALAND,8.77,0.0006,1564.87,0.0008,8,2024
32,MIZORAM,7.22,0.0005,1281.44,0.0006,8,2024
33,SIKKIM,5.78,0.0004,813.44,0.0004,8,2024
34,LADAKH,3.5,0.0002,705.94,0.0003,8,2024
35,ANDAMAN & NICOBAR,3,0.0002,489.24,0.0002,8,2024
36,LAKSHADWEEP,0.37,0,41.4,0,8,2024
37,UNCLASSIFIED#,3952.54,0.2642,523398.82,0.254,8,2024
1,MAHARASHTRA,1985.58,0.0992,232558.18,0.0936,8,2025
2,KARNATAKA,1077.76,0.0539,142488.77,0.0573,8,2025
3,UTTAR PRADESH,1059.4,0.0529,131586.5,0.0529,8,2025
4,TELANGANA,803.98,0.0402,122333.79,0.0492,8,2025
5,TAMIL NADU,799.24,0.0399,118149.83,0.0475,8,2025
6,ANDHRA PRADESH,551.48,0.0276,92181.84,0.0371,8,2025
7,RAJASTHAN,541.39,0.0271,74949.8,0.0302,8,2025
8,GUJARAT,515.15,0.0257,73518.28,0.0296,8,2025
9,DELHI,487.28,0.0244,59774.16,0.024,8,2025
10,WEST BENGAL,436.15,0.0218,62202.65,0.025,8,2025
11,MADHYA PRADESH,436.1,0.0218,55552.05,0.0224,8,2025
12,HARYANA,401.3,0.0201,53984.25,0.0217,8,2025
13,KERALA,399.48,0.02,56071.45,0.0226,8,2025
14,BIHAR,399.25,0.02,55622.06,0.0224,8,2025
15,ODISHA,277.85,0.0139,34040.3,0.0137,8,2025
16,PUNJAB,211.76,0.0106,33563.64,0.0135,8,2025
17,ASSAM,203.78,0.0102,21464.88,0.0086,8,2025
18,JHARKHAND,171.24,0.0086,21569.36,0.0087,8,2025
19,CHHATTISGARH,134.57,0.0067,16358.88,0.0066,8,2025
20,UTTARAKHAND,108.74,0.0054,12976.53,0.0052,8,2025
21,JAMMU AND KASHMIR,81.02,0.004,10254.43,0.0041,8,2025
22,HIMACHAL PRADESH,54.88,0.0027,6738.67,0.0027,8,2025
23,GOA,32.27,0.0016,4537.72,0.0018,8,2025
24,CHANDIGARH,26.58,0.0013,3188.55,0.0013,8,2025
25,ARUNACHAL PRADESH,21.4,0.0011,2707.2,0.0011,8,2025
26,PUDUCHERRY,18.83,0.0009,2548.23,0.001,8,2025
27,MEGHALAYA,15.91,0.0008,2008.23,0.0008,8,2025
28,MANIPUR,14.85,0.0007,2861.63,0.0012,8,2025
29,TRIPURA,14.59,0.0007,1874.19,0.0008,8,2025
30,NAGALAND,12.24,0.0006,1752.82,0.0007,8,2025
31,MIZORAM,11.86,0.0006,1704.97,0.0007,8,2025
32,DADRA & NAGAR HAVELI & DAMAN & DIU,10.82,0.0005,1112.7,0.0004,8,2025
33,SIKKIM,8.11,0.0004,988.11,0.0004,8,2025
34,LADAKH,4.48,0.0002,781.31,0.0003,8,2025
35,ANDAMAN & NICOBAR,3.77,0.0002,551.26,0.0002,8,2025
36,LAKSHADWEEP,0.56,0,55.68,0,8,2025
37,Unclassified#,8674.66,0.4336,970860.01,0.3906,8,2025
,MAHARASHTRA,1859.79,0.2098,260344.8,0.1839,4,2023
,KARNATAKA,772.62,0.0872,114007.15,0.0805,4,2023
,TELANGANA,683.07,0.0771,121761.16,0.086,4,2023
,UTTAR PRADESH,569.78,0.0643,87585.09,0.0619,4,2023
,TAMIL NADU,433.99,0.049,73484.77,0.0519,4,2023
,RAJASTHAN,391.83,0.0442,64347.76,0.0455,4,2023
,MADHYA PRADESH,375.53,0.0424,56076.31,0.0396,4,2023
,DELHI,330.04,0.0372,46799.01,0.0331,4,2023
,GUJARAT,280.81,0.0317,46154.94,0.0326,4,2023
,ANDHRA PRADESH,279.96,0.0316,59444.05,0.042,4,2023
,BIHAR,267.97,0.0302,48787.79,0.0345,4,2023
,WEST BENGAL,233.46,0.0263,43922.05,0.031,4,2023
,HARYANA,225.35,0.0254,35256.24,0.0249,4,2023
,KERALA,201.13,0.0227,31243.16,0.0221,4,2023
,ODISHA,184.79,0.0208,28296.73,0.02,4,2023
,PUNJAB,123.33,0.0139,21576.93,0.0152,4,2023
,JHARKHAND,93.42,0.0105,14905.34,0.0105,4,2023
,ASSAM,81.02,0.0091,14333.08,0.0101,4,2023
,UTTARAKHAND,79.24,0.0089,11091.58,0.0078,4,2023
,CHHATTISGARH,78.23,0.0088,11254.99,0.008,4,2023
,HIMACHAL PRADESH,34.96,0.0039,4786.04,0.0034,4,2023
,JAMMU AND KASHMIR,28.44,0.0032,4783.74,0.0034,4,2023
,GOA,20.03,0.0023,2988.02,0.0021,4,2023
,CHANDIGARH,18.64,0.0021,2531.42,0.0018,4,2023
,PUDUCHERRY,9.52,0.0011,1432.15,0.001,4,2023
,MANIPUR,8.19,0.0009,2155.67,0.0015,4,2023
,ARUNACHAL PRADESH,6.62,0.0007,1341.62,0.0009,4,2023
,DADRA & NAGAR HAVELI & DAMAN & DIU,5.67,0.0006,641.58,0.0005,4,2023
,TRIPURA,5.52,0.0006,993.56,0.0007,4,2023
,MEGHALAYA,4.26,0.0005,852.3,0.0006,4,2023
,NAGALAND,3.64,0.0004,982.4,0.0007,4,2023
,SIKKIM,3.44,0.0004,660.99,0.0005,4,2023
,MIZORAM,3.25,0.0004,774.43,0.0005,4,2023
,ANDAMAN & NICOBAR,1.6,0.0002,334.49,0.0002,4,2023
,LADAKH,1.39,0.0002,368.52,0.0003,4,2023
,LAKSHADWEEP,0.09,0,23.34,0,4,2023
,UNCLASSIFIED#,1162.65,0.1312,199181.5,0.1407,4,2023
1,MAHARASHTRA,2083.44,0.1854,289387.43,0.1663,11,2023
2,KARNATAKA,935.02,0.0832,132126.57,0.0759,11,2023
3,UTTAR PRADESH,786.83,0.07,118988.81,0.0684,11,2023
4,TELANGANA,764.77,0.0681,131905.47,0.0758,11,2023
5,TAMIL NADU,525.3,0.0468,87369.93,0.0502,11,2023
6,MADHYA PRADESH,510.51,0.0454,72171.99,0.0415,11,2023
7,RAJASTHAN,451.81,0.0402,74471.53,0.0428,11,2023
8,DELHI,431.73,0.0384,61568.09,0.0354,11,2023
9,ANDHRA PRADESH,376.19,0.0335,74054.42,0.0426,11,2023
10,BIHAR,375.47,0.0334,60451.55,0.0347,11,2023
11,GUJARAT,338.54,0.0301,58262.18,0.0335,11,2023
12,WEST BENGAL,312.97,0.0279,53753.8,0.0309,11,2023
13,HARYANA,279.29,0.0249,45139.63,0.0259,11,2023
14,KERALA,258.38,0.023,36759.86,0.0211,11,2023
15,ODISHA,244.19,0.0217,34247.19,0.0197,11,2023
16,PUNJAB,154.3,0.0137,28826.5,0.0166,11,2023
17,JHARKHAND,122.61,0.0109,17742.21,0.0102,11,2023
18,ASSAM,120.23,0.0107,17829.16,0.0102,11,2023
19,CHHATTISGARH,93.91,0.0084,13195.54,0.0076,11,2023
20,UTTARAKHAND,90.04,0.008,12869.19,0.0074,11,2023
21,HIMACHAL PRADESH,40.7,0.0036,5732.29,0.0033,11,2023
22,JAMMU AND KASHMIR,40.66,0.0036,6345.35,0.0036,11,2023
23,GOA,24.47,0.0022,3516.93,0.002,11,2023
24,CHANDIGARH,22.35,0.002,3189.81,0.0018,11,2023
25,PUDUCHERRY,11.83,0.0011,1749,0.001,11,2023
26,ARUNACHAL PRADESH,10.24,0.0009,1663.05,0.001,11,2023
27,TRIPURA,7.98,0.0007,1343.51,0.0008,11,2023
28,DADRA & NAGAR HAVELI & DAMAN & DIU,7.13,0.0006,835.34,0.0005,11,2023
29,MEGHALAYA,6.55,0.0006,1169.9,0.0007,11,2023
30,NAGALAND,5.82,0.0005,1349.79,0.0008,11,2023
31,MIZORAM,5.4,0.0005,1170.88,0.0007,11,2023
32,MANIPUR,4.29,0.0004,1434.65,0.0008,11,2023
33,SIKKIM,3.84,0.0003,662.18,0.0004,11,2023
34,ANDAMAN & NICOBAR,2.22,0.0002,427.62,0.0002,11,2023
35,LADAKH,1.71,0.0002,369.58,0.0002,11,2023
36,LAKSHADWEEP,0.2,0,32.3,0,11,2023
37,UNCLASSIFIED#,1784.35,0.1588,287627.38,0.1653,11,2023
1,MAHARASHTRA,1741.88,0.0947,211433.62,0.088,6,2025
2,KARNATAKA,1000.66,0.0544,134850.46,0.0561,6,2025
3,UTTAR PRADESH,972.29,0.0529,123844.58,0.0515,6,2025
4,TELANGANA,738.37,0.0401,118822.08,0.0494,6,2025
5,TAMIL NADU,699.34,0.038,105130.55,0.0437,6,2025
6,ANDHRA PRADESH,496.56,0.027,87072.27,0.0362,6,2025
7,RAJASTHAN,478.63,0.026,69889.1,0.0291,6,2025
8,GUJARAT,440.93,0.024,64058.92,0.0266,6,2025
9,DELHI,420.11,0.0228,50811.91,0.0211,6,2025
10,WEST BENGAL,396.75,0.0216,57448.44,0.0239,6,2025
11,BIHAR,393.05,0.0214,59059.01,0.0246,6,2025
12,MADHYA PRADESH,386.82,0.021,52055.1,0.0217,6,2025
13,HARYANA,361.02,0.0196,48951.4,0.0204,6,2025
14,KERALA,332.83,0.0181,46102.32,0.0192,6,2025
15,ODISHA,247.92,0.0135,31882.11,0.0133,6,2025
16,PUNJAB,187.82,0.0102,30674.02,0.0128,6,2025
17,ASSAM,181.11,0.0098,19849.88,0.0083,6,2025
18,JHARKHAND,155.8,0.0085,20667.56,0.0086,6,2025
19,CHHATTISGARH,120.57,0.0066,15492.34,0.0064,6,2025
20,UTTARAKHAND,110.35,0.006,13596.45,0.0057,6,2025
21,JAMMU AND KASHMIR,76.74,0.0042,9485.08,0.0039,6,2025
22,HIMACHAL PRADESH,58.14,0.0032,7262.4,0.003,6,2025
23,GOA,28.76,0.0016,4053.68,0.0017,6,2025
24,CHANDIGARH,22.92,0.0012,2742.47,0.0011,6,2025
25,ARUNACHAL PRADESH,17.84,0.001,2271.25,0.0009,6,2025
26,PUDUCHERRY,16.65,0.0009,2250.01,0.0009,6,2025
27,MEGHALAYA,13.25,0.0007,1743.02,0.0007,6,2025
28,TRIPURA,12.51,0.0007,1607.37,0.0007,6,2025
29,MANIPUR,10.79,0.0006,2212.05,0.0009,6,2025
30,NAGALAND,10.09,0.0005,1506.22,0.0006,6,2025
31,MIZORAM,9.9,0.0005,1501.27,0.0006,6,2025
32,DADRA & NAGAR HAVELI & DAMAN & DIU,9.47,0.0005,1020.22,0.0004,6,2025
33,SIKKIM,7.61,0.0004,973.53,0.0004,6,2025
34,LADAKH,4.21,0.0002,680.01,0.0003,6,2025
35,ANDAMAN & NICOBAR,3.23,0.0002,481.96,0.0002,6,2025
36,LAKSHADWEEP,0.49,0,47.78,0,6,2025
37,Unclassified#,8229.58,0.4474,1002400.27,0.417,6,2025
1,MAHARASHTRA,1827.94,0.1316,252008.51,0.1256,6,2024
2,KARNATAKA,1140.18,0.0821,158022.89,0.0787,6,2024
3,UTTAR PRADESH,1018.74,0.0734,133867.63,0.0667,6,2024
4,TELANGANA,878.6,0.0633,142465.64,0.071,6,2024
5,TAMIL NADU,663.61,0.0478,107352.87,0.0535,6,2024
6,RAJASTHAN,615.97,0.0444,90403.66,0.045,6,2024
7,MADHYA PRADESH,567.43,0.0409,75744.52,0.0377,6,2024
8,ANDHRA PRADESH,514.47,0.0371,94162.9,0.0469,6,2024
9,BIHAR,486.02,0.035,73741.4,0.0367,6,2024
10,DELHI,469.85,0.0338,56600.66,0.0282,6,2024
11,GUJARAT,452.59,0.0326,68664.93,0.0342,6,2024
12,WEST BENGAL,421.23,0.0303,68076.9,0.0339,6,2024
13,HARYANA,363.84,0.0262,50928.34,0.0254,6,2024
14,KERALA,312.74,0.0225,44455.91,0.0221,6,2024
15,ODISHA,311.53,0.0224,41961.3,0.0209,6,2024
16,PUNJAB,189.55,0.0137,31019.54,0.0155,6,2024
17,ASSAM,185.41,0.0134,22657.67,0.0113,6,2024
18,JHARKHAND,162.72,0.0117,22088.48,0.011,6,2024
19,CHHATTISGARH,135.97,0.0098,18173.83,0.0091,6,2024
20,UTTARAKHAND,107.43,0.0077,13873.68,0.0069,6,2024
21,JAMMU AND KASHMIR,66.81,0.0048,9257.4,0.0046,6,2024
22,HIMACHAL PRADESH,60.51,0.0044,7786.25,0.0039,6,2024
23,GOA,27.92,0.002,4020.18,0.002,6,2024
24,CHANDIGARH,27.18,0.002,3446.21,0.0017,6,2024
25,ARUNACHAL PRADESH,15.05,0.0011,2158.51,0.0011,6,2024
26,PUDUCHERRY,14.97,0.0011,2128.41,0.0011,6,2024
27,TRIPURA,10.8,0.0008,1581.02,0.0008,6,2024
28,MEGHALAYA,10.72,0.0008,1500.13,0.0007,6,2024
29,DADRA & NAGAR HAVELI & DAMAN & DIU,10.21,0.0007,1063.82,0.0005,6,2024
30,NAGALAND,9.46,0.0007,1682.06,0.0008,6,2024
31,MANIPUR,9.04,0.0007,2164.6,0.0011,6,2024
32,MIZORAM,7.02,0.0005,1313.47,0.0007,6,2024
33,SIKKIM,6.04,0.0004,934.34,0.0005,6,2024
34,LADAKH,3.87,0.0003,792.33,0.0004,6,2024
35,ANDAMAN & NICOBAR,2.9,0.0002,489.58,0.0002,6,2024
36,LAKSHADWEEP,0.35,0,40.58,0,6,2024
37,UNCLASSIFIED#,2776.47,0.2,400451.04,0.1995,6,2024
1,MAHARASHTRA,2156.02,0.2043,286792.45,0.1816,9,2023
2,KARNATAKA,896.89,0.085,125683.26,0.0796,9,2023
3,TELANGANA,713.29,0.0676,121128.45,0.0767,9,2023
4,UTTAR PRADESH,680.36,0.0645,95195.96,0.0603,9,2023
5,TAMIL NADU,521.85,0.0494,85968.46,0.0544,9,2023
6,MADHYA PRADESH,512.81,0.0486,69250.13,0.0439,9,2023
7,RAJASTHAN,431.28,0.0409,66104.53,0.0419,9,2023
8,DELHI,416.31,0.0394,55139.92,0.0349,9,2023
9,ANDHRA PRADESH,336.99,0.0319,67178.11,0.0425,9,2023
10,GUJARAT,319.31,0.0302,51590.99,0.0327,9,2023
11,BIHAR,305.39,0.0289,48595.98,0.0308,9,2023
12,WEST BENGAL,280.3,0.0266,48707.55,0.0308,9,2023
13,HARYANA,265.59,0.0252,39655.16,0.0251,9,2023
14,KERALA,237.42,0.0225,35412.25,0.0224,9,2023
15,ODISHA,224.43,0.0213,31146.94,0.0197,9,2023
16,PUNJAB,146.64,0.0139,24711.78,0.0156,9,2023
17,ASSAM,110.01,0.0104,15968.78,0.0101,9,2023
18,JHARKHAND,104.08,0.0099,14937.74,0.0095,9,2023
19,CHHATTISGARH,97.4,0.0092,12764.1,0.0081,9,2023
20,UTTARAKHAND,83.19,0.0079,11010.69,0.007,9,2023
21,HIMACHAL PRADESH,36.61,0.0035,5035.77,0.0032,9,2023
22,JAMMU AND KASHMIR,35.83,0.0034,5399.43,0.0034,9,2023
23,CHANDIGARH,21.45,0.002,2853.16,0.0018,9,2023
24,GOA,20.69,0.002,3017.62,0.0019,9,2023
25,PUDUCHERRY,11.4,0.0011,1688.3,0.0011,9,2023
26,ARUNACHAL PRADESH,9.41,0.0009,1498.65,0.0009,9,2023
27,TRIPURA,7.52,0.0007,1274.91,0.0008,9,2023
28,DADRA & NAGAR HAVELI & DAMAN & DIU,6.32,0.0006,718.59,0.0005,9,2023
29,NAGALAND,5.64,0.0005,1240.15,0.0008,9,2023
30,MEGHALAYA,5.41,0.0005,959.02,0.0006,9,2023
31,MIZORAM,4.6,0.0004,1000.59,0.0006,9,2023
32,SIKKIM,4.1,0.0004,683.81,0.0004,9,2023
33,MANIPUR,3.53,0.0003,1069.54,0.0007,9,2023
34,LADAKH,2.1,0.0002,481.1,0.0003,9,2023
35,ANDAMAN & NICOBAR,1.87,0.0002,347.87,0.0002,9,2023
36,LAKSHADWEEP,0.13,0,25.16,0,9,2023
37,UNCLASSIFIED#,1539.54,0.1458,244896.29,0.1551,9,2023
1,MAHARASHTRA,1779.25,0.1337,245463.14,0.125,4,2024
2,KARNATAKA,1095.55,0.0823,153489.72,0.0781,4,2024
3,UTTAR PRADESH,1007.12,0.0757,141875.13,0.0722,4,2024
4,TELANGANA,851.14,0.064,138376.57,0.0704,4,2024
5,TAMIL NADU,638.48,0.048,101057.95,0.0514,4,2024
6,RAJASTHAN,586.35,0.0441,89437.41,0.0455,4,2024
7,MADHYA PRADESH,581.87,0.0437,80171.32,0.0408,4,2024
8,ANDHRA PRADESH,513.63,0.0386,98416.61,0.0501,4,2024
9,BIHAR,475.94,0.0358,75106.9,0.0382,4,2024
10,DELHI,463.58,0.0348,58505.66,0.0298,4,2024
11,GUJARAT,431.65,0.0324,66727,0.034,4,2024
12,WEST BENGAL,387.08,0.0291,64939.85,0.0331,4,2024
13,HARYANA,349.9,0.0263,50557.95,0.0257,4,2024
14,KERALA,311.31,0.0234,44570.14,0.0227,4,2024
15,ODISHA,295.47,0.0222,40347.56,0.0205,4,2024
16,PUNJAB,187.49,0.0141,30985.4,0.0158,4,2024
17,ASSAM,171.13,0.0129,23893.99,0.0122,4,2024
18,JHARKHAND,158.97,0.0119,22618.61,0.0115,4,2024
19,CHHATTISGARH,129.73,0.0098,17607.35,0.009,4,2024
20,UTTARAKHAND,106.39,0.008,13493.01,0.0069,4,2024
21,JAMMU AND KASHMIR,60.25,0.0045,8502.35,0.0043,4,2024
22,HIMACHAL PRADESH,55.17,0.0041,6913.91,0.0035,4,2024
23,GOA,27.96,0.0021,3945.63,0.002,4,2024
24,CHANDIGARH,27.9,0.0021,3619.8,0.0018,4,2024
25,PUDUCHERRY,14.08,0.0011,2006.9,0.001,4,2024
26,ARUNACHAL PRADESH,12.69,0.001,2321.35,0.0012,4,2024
27,TRIPURA,10.75,0.0008,1653.37,0.0008,4,2024
28,MEGHALAYA,9.69,0.0007,1479.23,0.0008,4,2024
29,DADRA & NAGAR HAVELI & DAMAN & DIU,9.42,0.0007,990.81,0.0005,4,2024
30,MANIPUR,8.62,0.0006,2111.38,0.0011,4,2024
31,NAGALAND,8.16,0.0006,1632.88,0.0008,4,2024
32,MIZORAM,6.67,0.0005,1282.48,0.0007,4,2024
33,SIKKIM,5.39,0.0004,891,0.0005,4,2024
34,ANDAMAN & NICOBAR,3,0.0002,535.64,0.0003,4,2024
35,LADAKH,2.7,0.0002,532.87,0.0003,4,2024
36,LAKSHADWEEP,0.36,0,49.41,0,4,2024
37,UNCLASSIFIED#,2519.12,0.1894,368354.23,0.1875,4,2024
1,MAHARASHTRA,2382.34,0.1331,278375.41,0.1162,4,2025
2,KARNATAKA,1263.4,0.0706,173465.79,0.0724,4,2025
3,UTTAR PRADESH,1206.85,0.0674,159811.36,0.0667,4,2025
4,TELANGANA,949.72,0.0531,147127.52,0.0614,4,2025
5,TAMIL NADU,776.9,0.0434,115363.33,0.0482,4,2025
6,RAJASTHAN,668.4,0.0374,98142.13,0.041,4,2025
7,ANDHRA PRADESH,602.36,0.0337,105315.39,0.044,4,2025
8,BIHAR,577.79,0.0323,82713.97,0.0345,4,2025
9,MADHYA PRADESH,575.99,0.0322,77961.24,0.0326,4,2025
10,GUJARAT,538.57,0.0301,77374.37,0.0323,4,2025
11,DELHI,527,0.0295,64152.87,0.0268,4,2025
12,WEST BENGAL,500.08,0.0279,74892.26,0.0313,4,2025
13,HARYANA,410.35,0.0229,57581.17,0.024,4,2025
14,KERALA,362.28,0.0202,50824.24,0.0212,4,2025
15,ODISHA,362.01,0.0202,44717.27,0.0187,4,2025
16,ASSAM,218.83,0.0122,25997.91,0.0109,4,2025
17,PUNJAB,212.04,0.0119,34535.98,0.0144,4,2025
18,JHARKHAND,206.06,0.0115,28022.42,0.0117,4,2025
19,CHHATTISGARH,152.75,0.0085,19636.2,0.0082,4,2025
20,UTTARAKHAND,125.79,0.007,15444.37,0.0064,4,2025
21,JAMMU AND KASHMIR,88.43,0.0049,11544.77,0.0048,4,2025
22,HIMACHAL PRADESH,64.32,0.0036,7821.2,0.0033,4,2025
23,GOA,36.36,0.002,5041.14,0.0021,4,2025
24,CHANDIGARH,29.74,0.0017,3711.18,0.0015,4,2025
25,ARUNACHAL PRADESH,18.42,0.001,2612.54,0.0011,4,2025
26,PUDUCHERRY,17.44,0.001,2384.85,0.001,4,2025
27,MEGHALAYA,14.32,0.0008,1971.84,0.0008,4,2025
28,TRIPURA,13.94,0.0008,1936.41,0.0008,4,2025
29,MANIPUR,13.51,0.0008,2844.24,0.0012,4,2025
30,DADRA & NAGAR HAVELI & DAMAN & DIU,11.91,0.0007,1205.3,0.0005,4,2025
31,NAGALAND,10.89,0.0006,1769.78,0.0007,4,2025
32,MIZORAM,9.76,0.0005,1555.83,0.0006,4,2025
33,SIKKIM,8.65,0.0005,1221.5,0.0005,4,2025
34,ANDAMAN & NICOBAR,3.79,0.0002,619.48,0.0003,4,2025
35,LADAKH,3.63,0.0002,651.93,0.0003,4,2025
36,LAKSHADWEEP,0.5,0,60.39,0,4,2025
37,Unclassified#,4928.3,0.2756,616518.29,0.2576,4,2025
1,MAHARASHTRA,2119.31,0.2002,282946.53,0.1795,8,2023
2,KARNATAKA,924.36,0.0873,126876.33,0.0805,8,2023
3,TELANGANA,753.64,0.0712,127817.82,0.0811,8,2023
4,UTTAR PRADESH,678.37,0.0641,94133.08,0.0597,8,2023
5,TAMIL NADU,511.03,0.0483,84388.17,0.0535,8,2023
6,MADHYA PRADESH,502.8,0.0475,67895.74,0.0431,8,2023
7,RAJASTHAN,459.93,0.0434,69380.56,0.044,8,2023
8,DELHI,404.03,0.0382,52953.64,0.0336,8,2023
9,ANDHRA PRADESH,349.58,0.033,69909.85,0.0443,8,2023
10,GUJARAT,325.34,0.0307,51778.19,0.0328,8,2023
11,BIHAR,307.74,0.0291,47814.69,0.0303,8,2023
12,WEST BENGAL,286.09,0.027,48819.44,0.031,8,2023
13,HARYANA,255.9,0.0242,38322.05,0.0243,8,2023
14,KERALA,249.36,0.0236,37438.7,0.0237,8,2023
15,ODISHA,220.05,0.0208,30594.38,0.0194,8,2023
16,PUNJAB,147.14,0.0139,24812.53,0.0157,8,2023
17,ASSAM,105.93,0.01,15516.16,0.0098,8,2023
18,JHARKHAND,104.67,0.0099,14547.31,0.0092,8,2023
19,CHHATTISGARH,97.25,0.0092,12772.92,0.0081,8,2023
20,UTTARAKHAND,81.71,0.0077,10706.66,0.0068,8,2023
21,HIMACHAL PRADESH,35.23,0.0033,4698.18,0.003,8,2023
22,JAMMU AND KASHMIR,34.8,0.0033,5283.63,0.0034,8,2023
23,CHANDIGARH,21.26,0.002,2829.23,0.0018,8,2023
24,GOA,20.95,0.002,2970.56,0.0019,8,2023
25,PUDUCHERRY,11.56,0.0011,1708.52,0.0011,8,2023
26,ARUNACHAL PRADESH,8.78,0.0008,1434.45,0.0009,8,2023
27,TRIPURA,6.75,0.0006,1123.71,0.0007,8,2023
28,DADRA & NAGAR HAVELI & DAMAN & DIU,6.23,0.0006,698.87,0.0004,8,2023
29,MEGHALAYA,6.11,0.0006,1098.18,0.0007,8,2023
30,NAGALAND,5.5,0.0005,1245.07,0.0008,8,2023
31,MIZORAM,4.27,0.0004,939.12,0.0006,8,2023
32,SIKKIM,3.87,0.0004,644.83,0.0004,8,2023
33,MANIPUR,2.29,0.0002,770.73,0.0005,8,2023
34,LADAKH,2.05,0.0002,480.89,0.0003,8,2023
35,ANDAMAN & NICOBAR,1.84,0.0002,338.88,0.0002,8,2023
36,LAKSHADWEEP,0.11,0,23.1,0,8,2023
37,UNCLASSIFIED#,1530.17,0.1445,240823.86,0.1528,8,2023
1,MAHARASHTRA,2152.82,0.1052,250787.01,0.0953,11,2025
2,UTTAR PRADESH,1118.9,0.0547,152420.82,0.0579,11,2025
3,KARNATAKA,1105.63,0.054,150262.03,0.0571,11,2025
4,TELANGANA,851.25,0.0416,131369.55,0.0499,11,2025
5,TAMIL NADU,813.85,0.0398,123549.07,0.0469,11,2025
6,ANDHRA PRADESH,563.45,0.0275,93846.52,0.0357,11,2025
7,RAJASTHAN,530.23,0.0259,81243.65,0.0309,11,2025
8,GUJARAT,510.56,0.0249,76129.09,0.0289,11,2025
9,DELHI,491.14,0.024,64440.35,0.0245,11,2025
10,BIHAR,456.53,0.0223,66454.52,0.0253,11,2025
11,WEST BENGAL,449.67,0.022,65964.8,0.0251,11,2025
12,MADHYA PRADESH,444.92,0.0217,59792.96,0.0227,11,2025
13,KERALA,416.28,0.0203,57144.28,0.0217,11,2025
14,HARYANA,402.11,0.0196,58994.49,0.0224,11,2025
15,ODISHA,288.64,0.0141,36149.1,0.0137,11,2025
16,PUNJAB,221.74,0.0108,39570.9,0.015,11,2025
17,ASSAM,212.71,0.0104,23038.37,0.0088,11,2025
18,JHARKHAND,178.47,0.0087,23547.39,0.0089,11,2025
19,CHHATTISGARH,136.64,0.0067,17074.67,0.0065,11,2025
20,UTTARAKHAND,114.89,0.0056,14826.57,0.0056,11,2025
21,JAMMU AND KASHMIR,83.52,0.0041,11668.35,0.0044,11,2025
22,HIMACHAL PRADESH,58.58,0.0029,7825.51,0.003,11,2025
23,GOA,36.33,0.0018,5222.28,0.002,11,2025
24,CHANDIGARH,27.17,0.0013,3431.5,0.0013,11,2025
25,ARUNACHAL PRADESH,21.79,0.0011,2852.69,0.0011,11,2025
26,PUDUCHERRY,18.57,0.0009,2562.42,0.001,11,2025
27,MEGHALAYA,16.85,0.0008,2294.28,0.0009,11,2025
28,MANIPUR,15.77,0.0008,3133.61,0.0012,11,2025
29,TRIPURA,15.36,0.0008,2067.22,0.0008,11,2025
30,MIZORAM,13.33,0.0007,2021.97,0.0008,11,2025
31,NAGALAND,12.99,0.0006,2000.56,0.0008,11,2025
32,DADRA & NAGAR HAVELI & DAMAN & DIU,10.44,0.0005,1140.73,0.0004,11,2025
33,SIKKIM,8.71,0.0004,1125.59,0.0004,11,2025
34,ANDAMAN & NICOBAR,4.22,0.0002,662.1,0.0003,11,2025
35,LADAKH,3.3,0.0002,607.85,0.0002,11,2025
36,LAKSHADWEEP,0.64,0,68.1,0,11,2025
37,Unclassified #,8658.98,0.4231,996341.73,0.3786,11,2025
1,MAHARASHTRA,1967.07,0.1271,243220.45,0.1129,11,2024
2,KARNATAKA,1204.97,0.0778,163394.2,0.0758,11,2024
3,UTTAR PRADESH,1044.79,0.0675,145688.84,0.0676,11,2024
4,TELANGANA,938.62,0.0606,145611.57,0.0676,11,2024
5,TAMIL NADU,685.76,0.0443,104101.32,0.0483,11,2024
6,RAJASTHAN,621.05,0.0401,95807.51,0.0445,11,2024
7,ANDHRA PRADESH,588.66,0.038,100931.78,0.0468,11,2024
8,BIHAR,535.28,0.0346,78776.84,0.0366,11,2024
9,MADHYA PRADESH,534.77,0.0345,71168.69,0.033,11,2024
10,WEST BENGAL,460.4,0.0297,71880.33,0.0334,11,2024
11,GUJARAT,447.82,0.0289,65671.33,0.0305,11,2024
12,DELHI,441.99,0.0285,55291.59,0.0257,11,2024
13,ODISHA,354.18,0.0229,44116.28,0.0205,11,2024
14,HARYANA,346.02,0.0223,51552.8,0.0239,11,2024
15,KERALA,343.35,0.0222,46483.04,0.0216,11,2024
16,ASSAM,196.97,0.0127,23338.48,0.0108,11,2024
17,PUNJAB,184.09,0.0119,32257.61,0.015,11,2024
18,JHARKHAND,182.02,0.0118,24110.49,0.0112,11,2024
19,CHHATTISGARH,139.98,0.009,17873.5,0.0083,11,2024
20,UTTARAKHAND,112.61,0.0073,14691.68,0.0068,11,2024
21,JAMMU AND KASHMIR,70,0.0045,10163.69,0.0047,11,2024
22,HIMACHAL PRADESH,52.29,0.0034,6997.02,0.0032,11,2024
23,GOA,31.72,0.002,4419.48,0.0021,11,2024
24,CHANDIGARH,25.13,0.0016,3289.62,0.0015,11,2024
25,ARUNACHAL PRADESH,16.09,0.001,2166.79,0.001,11,2024
26,PUDUCHERRY,15.08,0.001,2069.73,0.001,11,2024
27,MEGHALAYA,12.36,0.0008,1769.21,0.0008,11,2024
28,TRIPURA,11.72,0.0008,1727.38,0.0008,11,2024
29,DADRA & NAGAR HAVELI & DAMAN & DIU,10.38,0.0007,1053.99,0.0005,11,2024
30,NAGALAND,10.26,0.0007,1791.99,0.0008,11,2024
31,MIZORAM,9.03,0.0006,1574.35,0.0007,11,2024
32,MANIPUR,7.88,0.0005,1952.61,0.0009,11,2024
33,SIKKIM,6.36,0.0004,908.47,0.0004,11,2024
34,ANDAMAN & NICOBAR,3.4,0.0002,564.94,0.0003,11,2024
35,LADAKH,2.79,0.0002,535.36,0.0002,11,2024
36,LAKSHADWEEP,0.45,0,51.53,0,11,2024
37,UNCLASSIFIED#,3866.68,0.2498,518182.93,0.2404,11,2024
1,MAHARASHTRA,2349.39,0.1086,263704.89,0.0943,12,2025
2,KARNATAKA,1166.38,0.0539,162279.52,0.058,12,2025
3,UTTAR PRADESH,1147.64,0.053,155131.4,0.0555,12,2025
4,TELANGANA,887.11,0.041,141323.58,0.0505,12,2025
5,TAMIL NADU,862.86,0.0399,131083.27,0.0469,12,2025
6,ANDHRA PRADESH,609.84,0.0282,102547.67,0.0367,12,2025
7,RAJASTHAN,557.06,0.0257,85129.75,0.0304,12,2025
8,GUJARAT,555.31,0.0257,86699.29,0.031,12,2025
9,DELHI,516.9,0.0239,66575.96,0.0238,12,2025
10,WEST BENGAL,478.71,0.0221,71148.03,0.0254,12,2025
11,MADHYA PRADESH,468.42,0.0217,64115.4,0.0229,12,2025
12,BIHAR,453.98,0.021,66791.87,0.0239,12,2025
13,KERALA,451.69,0.0209,62079.79,0.0222,12,2025
14,HARYANA,418.1,0.0193,61294.14,0.0219,12,2025
15,ODISHA,304.59,0.0141,39185.24,0.014,12,2025
16,PUNJAB,226.99,0.0105,40564.96,0.0145,12,2025
17,ASSAM,226.36,0.0105,24938.06,0.0089,12,2025
18,JHARKHAND,185.9,0.0086,25154.32,0.009,12,2025
19,CHHATTISGARH,145.48,0.0067,18789.15,0.0067,12,2025
20,UTTARAKHAND,119.35,0.0055,15420.17,0.0055,12,2025
21,JAMMU AND KASHMIR,86.74,0.004,11912.84,0.0043,12,2025
22,HIMACHAL PRADESH,63.08,0.0029,8446.08,0.003,12,2025
23,GOA,40.24,0.0019,5990.21,0.0021,12,2025
24,CHANDIGARH,28.15,0.0013,3611.27,0.0013,12,2025
25,ARUNACHAL PRADESH,21.96,0.001,3004.14,0.0011,12,2025
26,PUDUCHERRY,20.29,0.0009,2793.2,0.001,12,2025
27,MEGHALAYA,18.22,0.0008,2509.94,0.0009,12,2025
28,MANIPUR,17.44,0.0008,3504.46,0.0013,12,2025
29,TRIPURA,16.38,0.0008,2229.75,0.0008,12,2025
30,MIZORAM,14.82,0.0007,2281.39,0.0008,12,2025
31,NAGALAND,13.85,0.0006,2243.67,0.0008,12,2025
32,DADRA & NAGAR HAVELI & DAMAN & DIU,11.17,0.0005,1226.22,0.0004,12,2025
33,SIKKIM,9.23,0.0004,1263.74,0.0005,12,2025
34,ANDAMAN & NICOBAR,4.64,0.0002,743.64,0.0003,12,2025
35,LADAKH,3.03,0.0001,554.47,0.0002,12,2025
36,LAKSHADWEEP,0.69,0,73.3,0,12,2025
37,Unclassified #,9132.68,0.4221,1060367.95,0.3791,12,2025